timestamp;user;age;gender;dashboardExperience;powerBIExperience;confidence;satisfaction;questionId;taskId;correctAnswer;mentalEffort;selectedAnswer;endtime;triggeredAction;selectedValues;filteredValues;NewHiresAndNewHiresSamePeriodLastYear(SPLY).NewHires<numerical>;NewHiresAndNewHiresSamePeriodLastYear(SPLY).Month<categorical>;NewHiresAndNewHiresSamePeriodLastYear(SPLY).NewHiresSPLY<numerical>;NewHiresByMonth(Full-Time/Part-Time).Month<categorical>;NewHiresByMonth(Full-Time/Part-Time).FPDesc<categorical>;NewHiresByMonth(Full-Time/Part-Time).NewHires<numerical>;NewHiresByEthnicity.NewHires<numerical>;NewHiresByEthnicity.Ethnicity<categorical>;NewHiresByRegion.NewHires<numerical>;NewHiresByRegion.Region<categorical>;Ethnicity.Ethnicity<categorical>;Region.Region<categorical>;Year.Year<categorical>
1657556356851;e36a2ec6-b3b9-46c3-942e-fef3b282b8f9;44;m;1;0;4;5;1;1;Jul;1;Jul;1657556461968;Root;Year.Year<categorical>;;400,588,982,1086,1258,1204,1321,1463,1276,1886,1312,606;0,0,0,0,0,0,0,0,0,0,0,0,0,0,0,0,0,0,0,0,0,0,0,0;225,268,445,420,531,565,477,908,997,1038,1115,418;0,0,0,0,0,0,0,0,0,0,0,0,0,0,0,0,0,0,0,0,0,0,0,0;0,0,0,0;51,349,65,523,71,911,103,983,112,1146,89,1115,88,1233,92,1371,82,1194,139,1747,86,1226,56,550;9571,2416,663,430,220,63,19;0,0,0,0,0,0,0,0,0,0,0,0,0,0;2168,1851,2684,1224,2165,2025,1265;0,0,0,0,0,0,0,0,0,0,0,0,0,0;0,0,0,0,0,0,0;0,0,0,0,0,0,0;0,0,0,1,0,0,0
1657556370026;e36a2ec6-b3b9-46c3-942e-fef3b282b8f9;44;m;1;0;4;5;1;1;Jul;1;Jul;1657556461968;Year (slicer) - Year: 2014 selected;Year.Year<categorical>;;400,588,982,1086,1258,1204,1321,1463,1276,1886,1312,606;0,0,0,0,0,0,0,0,0,0,0,0,0,0,0,0,0,0,0,0,0,0,0,0;225,268,445,420,531,565,477,908,997,1038,1115,418;0,0,0,0,0,0,0,0,0,0,0,0,0,0,0,0,0,0,0,0,0,0,0,0;0,0,0,0;73,701,77,1037,87,1159,124,1351,139,1847,100,2086,92,1869,91,2098,84,2128,75,2028,50,1411,17,349;9571,2416,663,430,220,63,19;0,0,0,0,0,0,0,0,0,0,0,0,0,0;2168,1851,2684,1224,2165,2025,1265;0,0,0,0,0,0,0,0,0,0,0,0,0,0;0,0,0,0,0,0,0;0,0,0,0,0,0,0;0,0,0,0,1,0,0
1657556394324;e36a2ec6-b3b9-46c3-942e-fef3b282b8f9;44;m;1;0;4;5;1;1;Jul;1;Jul;1657556461968;Region (slicer) - Region: Northwest selected;Region.Region<categorical>, Year.Year<categorical>;;774,1114,1246,1475,1986,2186,1961,2189,2212,2103,1461,366;0,0,0,0,0,0,0,0,0,0,0,0,0,0,0,0,0,0,0,0,0,0,0,0;400,588,982,1086,1258,1204,1321,1463,1276,1886,1312,606;0,0,0,0,0,0,0,0,0,0,0,0,0,0,0,0,0,0,0,0,0,0,0,0;0,0,0,0;16,161,23,214,21,146,19,249,19,273,20,326,18,391,19,346,10,360,9,286,6,198,1,39;12600,4342,853,781,365,108,24;0,0,0,0,0,0,0,0,0,0,0,0,0,0;3238,2806,3170,1403,3227,3392,1837;0,0,0,0,0,0,0,0,0,0,0,0,0,0;0,0,0,0,0,0,0;0,0,1,0,0,0,0;0,0,0,0,1,0,0
1657556413982;e36a2ec6-b3b9-46c3-942e-fef3b282b8f9;44;m;1;0;4;5;1;1;Jul;1;Jul;1657556461968;Ethnicity (slicer) - Ethnicity: Group A selected;Ethnicity.Ethnicity<categorical>, Region.Region<categorical>, Year.Year<categorical>;NewHiresByRegion.Region<categorical>;177,237,167,268,292,346,409,365,370,295,204,40;0,0,0,0,0,0,0,0,0,0,0,0,0,0,0,0,0,0,0,0,0,0,0,0;78,164,228,216,230,234,197,300,246,416,267,108;0,0,0,0,0,0,0,0,0,0,0,0,0,0,0,0,0,0,0,0,0,0,0,0;0,0,0,0;13,125,20,155,16,113,16,176,16,197,19,223,16,261,15,238,8,258,9,204,6,141,1,31;2277,595,152,63,61,18,4;0,0,0,0,0,0,0,0,0,0,0,0,0,0;3170;0,1,0,1,0,0,0,1,0,1,0,1,0,1;1,0,0,0,0,0,0;0,0,1,0,0,0,0;0,0,0,0,1,0,0
1657556464312;e36a2ec6-b3b9-46c3-942e-fef3b282b8f9;44;m;1;0;4;5;2;1;1021;2;905;1657556587641;Root;Year.Year<categorical>;;400,588,982,1086,1258,1204,1321,1463,1276,1886,1312,606;0,0,0,0,0,0,0,0,0,0,0,0,0,0,0,0,0,0,0,0,0,0,0,0;225,268,445,420,531,565,477,908,997,1038,1115,418;0,0,0,0,0,0,0,0,0,0,0,0,0,0,0,0,0,0,0,0,0,0,0,0;0,0,0,0;51,349,65,523,71,911,103,983,112,1146,89,1115,88,1233,92,1371,82,1194,139,1747,86,1226,56,550;9571,2416,663,430,220,63,19;0,0,0,0,0,0,0,0,0,0,0,0,0,0;2168,1851,2684,1224,2165,2025,1265;0,0,0,0,0,0,0,0,0,0,0,0,0,0;0,0,0,0,0,0,0;0,0,0,0,0,0,0;0,0,0,1,0,0,0
1657556478789;e36a2ec6-b3b9-46c3-942e-fef3b282b8f9;44;m;1;0;4;5;2;1;1021;2;905;1657556587641;Region (slicer) - Region: East selected;Region.Region<categorical>, Year.Year<categorical>;;400,588,982,1086,1258,1204,1321,1463,1276,1886,1312,606;0,0,0,0,0,0,0,0,0,0,0,0,0,0,0,0,0,0,0,0,0,0,0,0;225,268,445,420,531,565,477,908,997,1038,1115,418;0,0,0,0,0,0,0,0,0,0,0,0,0,0,0,0,0,0,0,0,0,0,0,0;0,0,0,0;19,69,17,55,15,62,37,73,35,77,27,59,26,101,28,76,32,70,38,113,24,95,21,55;9571,2416,663,430,220,63,19;0,0,0,0,0,0,0,0,0,0,0,0,0,0;2168,1851,2684,1224,2165,2025,1265;0,0,0,0,0,0,0,0,0,0,0,0,0,0;0,0,0,0,0,0,0;0,0,0,1,0,0,0;0,0,0,1,0,0,0
1657556493498;e36a2ec6-b3b9-46c3-942e-fef3b282b8f9;44;m;1;0;4;5;2;1;1021;2;905;1657556587641;New Hires by Month (Full-Time/Part-Time) (lineChart) - FPDesc: Full-Time selected;NewHiresByMonth(Full-Time/Part-Time).FPDesc<categorical>, Region.Region<categorical>, Year.Year<categorical>;NewHiresByRegion.Region<categorical>;88,72,77,110,112,86,127,104,102,151,119,76;0,0,0,0,0,0,0,0,0,0,0,0,0,0,0,0,0,0,0,0,0,0,0,0;32,30,19,27,39,49,39,47,53,77,66,48;0,0,0,0,0,0,0,0,0,0,0,0,0,0,0,0,0,0,0,0,0,0,0,0;1,0,0,0;19,69,17,55,15,62,37,73,35,77,27,59,26,101,28,76,32,70,38,113,24,95,21,55;802,246,87,44,41,2,2;0,0,0,0,0,0,0,0,0,0,0,0,0,0;1224;0,1,0,1,0,1,0,0,0,1,0,1,0,1;0,0,0,0,0,0,0;0,0,0,1,0,0,0;0,0,0,1,0,0,0
1657556502870;e36a2ec6-b3b9-46c3-942e-fef3b282b8f9;44;m;1;0;4;5;2;1;1021;2;905;1657556587641;New Hires by Month (Full-Time/Part-Time) (lineChart) - FPDesc: Part-Time selected;NewHiresByMonth(Full-Time/Part-Time).FPDesc<categorical>, Region.Region<categorical>, Year.Year<categorical>;NewHiresByRegion.Region<categorical>;88,72,77,110,112,86,127,104,102,151,119,76;0,0,0,0,0,0,0,0,0,0,0,0,0,0,0,0,0,0,0,0,0,0,0,0;32,30,19,27,39,49,39,47,53,77,66,48;0,0,0,0,0,0,0,0,0,0,0,0,0,0,0,0,0,0,0,0,0,0,0,0;0,0,1,0;19,69,17,55,15,62,37,73,35,77,27,59,26,101,28,76,32,70,38,113,24,95,21,55;802,246,87,44,41,2,2;0,0,0,0,0,0,0,0,0,0,0,0,0,0;1224;0,1,0,1,0,1,0,0,0,1,0,1,0,1;0,0,0,0,0,0,0;0,0,0,1,0,0,0;0,0,0,1,0,0,0
1657556552588;e36a2ec6-b3b9-46c3-942e-fef3b282b8f9;44;m;1;0;4;5;2;1;1021;2;905;1657556587641;New Hires by Month (Full-Time/Part-Time) (lineChart) - FPDesc: Part-Time selected;NewHiresByMonth(Full-Time/Part-Time).FPDesc<categorical>, Region.Region<categorical>, Year.Year<categorical>;NewHiresByRegion.Region<categorical>;88,72,77,110,112,86,127,104,102,151,119,76;0,0,0,0,0,0,0,0,0,0,0,0,0,0,0,0,0,0,0,0,0,0,0,0;32,30,19,27,39,49,39,47,53,77,66,48;0,0,0,0,0,0,0,0,0,0,0,0,0,0,0,0,0,0,0,0,0,0,0,0;0,0,1,0;19,69,17,55,15,62,37,73,35,77,27,59,26,101,28,76,32,70,38,113,24,95,21,55;802,246,87,44,41,2,2;0,0,0,0,0,0,0,0,0,0,0,0,0,0;1224;0,1,0,1,0,1,0,0,0,1,0,1,0,1;0,0,0,0,0,0,0;0,0,0,1,0,0,0;0,0,0,1,0,0,0
1657556562245;e36a2ec6-b3b9-46c3-942e-fef3b282b8f9;44;m;1;0;4;5;2;1;1021;2;905;1657556587641;New Hires by Month (Full-Time/Part-Time) (lineChart) - FPDesc: Full-Time selected;NewHiresByMonth(Full-Time/Part-Time).FPDesc<categorical>, Region.Region<categorical>, Year.Year<categorical>;NewHiresByRegion.Region<categorical>;88,72,77,110,112,86,127,104,102,151,119,76;0,0,0,0,0,0,0,0,0,0,0,0,0,0,0,0,0,0,0,0,0,0,0,0;32,30,19,27,39,49,39,47,53,77,66,48;0,0,0,0,0,0,0,0,0,0,0,0,0,0,0,0,0,0,0,0,0,0,0,0;1,0,0,0;19,69,17,55,15,62,37,73,35,77,27,59,26,101,28,76,32,70,38,113,24,95,21,55;802,246,87,44,41,2,2;0,0,0,0,0,0,0,0,0,0,0,0,0,0;1224;0,1,0,1,0,1,0,0,0,1,0,1,0,1;0,0,0,0,0,0,0;0,0,0,1,0,0,0;0,0,0,1,0,0,0
1657556568250;e36a2ec6-b3b9-46c3-942e-fef3b282b8f9;44;m;1;0;4;5;2;1;1021;2;905;1657556587641;New Hires by Month (Full-Time/Part-Time) (lineChart) - FPDesc: Part-Time selected;NewHiresByMonth(Full-Time/Part-Time).FPDesc<categorical>, Region.Region<categorical>, Year.Year<categorical>;NewHiresByRegion.Region<categorical>;88,72,77,110,112,86,127,104,102,151,119,76;0,0,0,0,0,0,0,0,0,0,0,0,0,0,0,0,0,0,0,0,0,0,0,0;32,30,19,27,39,49,39,47,53,77,66,48;0,0,0,0,0,0,0,0,0,0,0,0,0,0,0,0,0,0,0,0,0,0,0,0;0,0,1,0;19,69,17,55,15,62,37,73,35,77,27,59,26,101,28,76,32,70,38,113,24,95,21,55;802,246,87,44,41,2,2;0,0,0,0,0,0,0,0,0,0,0,0,0,0;1224;0,1,0,1,0,1,0,0,0,1,0,1,0,1;0,0,0,0,0,0,0;0,0,0,1,0,0,0;0,0,0,1,0,0,0
1657556589970;e36a2ec6-b3b9-46c3-942e-fef3b282b8f9;44;m;1;0;4;5;3;2;2013;2;2013;1657556728960;Root;Year.Year<categorical>;;400,588,982,1086,1258,1204,1321,1463,1276,1886,1312,606;0,0,0,0,0,0,0,0,0,0,0,0,0,0,0,0,0,0,0,0,0,0,0,0;225,268,445,420,531,565,477,908,997,1038,1115,418;0,0,0,0,0,0,0,0,0,0,0,0,0,0,0,0,0,0,0,0,0,0,0,0;0,0,0,0;51,349,65,523,71,911,103,983,112,1146,89,1115,88,1233,92,1371,82,1194,139,1747,86,1226,56,550;9571,2416,663,430,220,63,19;0,0,0,0,0,0,0,0,0,0,0,0,0,0;2168,1851,2684,1224,2165,2025,1265;0,0,0,0,0,0,0,0,0,0,0,0,0,0;0,0,0,0,0,0,0;0,0,0,0,0,0,0;0,0,0,1,0,0,0
1657556596653;e36a2ec6-b3b9-46c3-942e-fef3b282b8f9;44;m;1;0;4;5;3;2;2013;2;2013;1657556728960;New Hires by Ethnicity (clusteredBarChart) - Ethnicity: Group F selected;NewHiresByEthnicity.Ethnicity<categorical>, Year.Year<categorical>;;400,588,982,1086,1258,1204,1321,1463,1276,1886,1312,606;0,0,0,0,0,0,0,0,0,0,0,0,0,0,0,0,0,0,0,0,0,0,0,0;225,268,445,420,531,565,477,908,997,1038,1115,418;0,0,0,0,0,0,0,0,0,0,0,0,0,0,0,0,0,0,0,0,0,0,0,0;0,0,0,0;2,7,1,17,1,19,2,21,5,34,3,23,3,35,5,72,4,55,2,50,4,46,2,17;9571,2416,663,430,220,63,19;0,0,0,0,0,0,1,0,0,0,0,0,0,0;2168,1851,2684,1224,2165,2025,1265;0,0,0,0,0,0,0,0,0,0,0,0,0,0;0,0,0,0,0,0,0;0,0,0,0,0,0,0;0,0,0,1,0,0,0
1657556616686;e36a2ec6-b3b9-46c3-942e-fef3b282b8f9;44;m;1;0;4;5;3;2;2013;2;2013;1657556728960;Ethnicity (slicer) - Ethnicity: Group F selected;NewHiresByEthnicity.Ethnicity<categorical>, Ethnicity.Ethnicity<categorical>, Year.Year<categorical>;;400,588,982,1086,1258,1204,1321,1463,1276,1886,1312,606;0,0,0,0,0,0,0,0,0,0,0,0,0,0,0,0,0,0,0,0,0,0,0,0;225,268,445,420,531,565,477,908,997,1038,1115,418;0,0,0,0,0,0,0,0,0,0,0,0,0,0,0,0,0,0,0,0,0,0,0,0;0,0,0,0;2,7,1,17,1,19,2,21,5,34,3,23,3,35,5,72,4,55,2,50,4,46,2,17;9571,2416,663,430,220,63,19;0,0,0,0,0,0,1,0,0,0,0,0,0,0;2168,1851,2684,1224,2165,2025,1265;0,0,0,0,0,0,0,0,0,0,0,0,0,0;0,0,0,0,0,1,0;0,0,0,0,0,0,0;0,0,0,1,0,0,0
1657556653085;e36a2ec6-b3b9-46c3-942e-fef3b282b8f9;44;m;1;0;4;5;3;2;2013;2;2013;1657556728960;Ethnicity (slicer) - Ethnicity: Group A selected;NewHiresByEthnicity.Ethnicity<categorical>, Ethnicity.Ethnicity<categorical>, Year.Year<categorical>;NewHiresByEthnicity.Ethnicity<categorical>;9,18,20,23,39,26,38,77,59,52,50,19;0,0,0,0,0,0,0,0,0,0,0,0,0,0,0,0,0,0,0,0,0,0,0,0;10,11,19,7,8,12,8,20,37,33,42,12;0,0,0,0,0,0,0,0,0,0,0,0,0,0,0,0,0,0,0,0,0,0,0,0;0,0,0,0;42,259,55,402,57,686,80,723,95,834,70,786,71,852,71,968,66,837,110,1171,71,831,41,393;430;0,1,0,1,0,1,1,0,0,1,0,1,0,1;63,31,88,41,51,75,81;0,0,0,0,0,0,0,0,0,0,0,0,0,0;1,0,0,0,0,0,0;0,0,0,0,0,0,0;0,0,0,1,0,0,0
1657556653863;e36a2ec6-b3b9-46c3-942e-fef3b282b8f9;44;m;1;0;4;5;3;2;2013;2;2013;1657556728960;Ethnicity (slicer) - Ethnicity: Group B selected;NewHiresByEthnicity.Ethnicity<categorical>, Ethnicity.Ethnicity<categorical>, Year.Year<categorical>;NewHiresByEthnicity.Ethnicity<categorical>;301,457,743,803,929,856,923,1039,903,1281,902,434;0,0,0,0,0,0,0,0,0,0,0,0,0,0,0,0,0,0,0,0,0,0,0,0;185,205,352,336,407,425,331,684,724,762,796,301;0,0,0,0,0,0,0,0,0,0,0,0,0,0,0,0,0,0,0,0,0,0,0,0;0,0,0,0;3,50,2,68,8,149,9,180,7,196,12,226,8,241,12,245,6,214,13,398,6,263,8,92;9571;0,0,0,1,0,1,1,1,0,1,0,1,0,1;1722,1523,2003,802,1577,1257,687;0,0,0,0,0,0,0,0,0,0,0,0,0,0;0,1,0,0,0,0,0;0,0,0,0,0,0,0;0,0,0,1,0,0,0
1657556655336;e36a2ec6-b3b9-46c3-942e-fef3b282b8f9;44;m;1;0;4;5;3;2;2013;2;2013;1657556728960;Ethnicity (slicer) - Ethnicity: Group C selected;NewHiresByEthnicity.Ethnicity<categorical>, Ethnicity.Ethnicity<categorical>, Year.Year<categorical>;NewHiresByEthnicity.Ethnicity<categorical>;53,70,157,189,203,238,249,257,220,411,269,100;0,0,0,0,0,0,0,0,0,0,0,0,0,0,0,0,0,0,0,0,0,0,0,0;17,37,43,48,80,90,96,132,160,176,208,75;0,0,0,0,0,0,0,0,0,0,0,0,0,0,0,0,0,0,0,0,0,0,0,0;0,0,0,0;3,18,2,25,4,40,9,44,3,59,3,57,5,76,2,51,4,60,7,86,2,62,4,37;2416;0,1,0,0,0,1,1,1,0,1,0,1,0,1;229,193,503,246,370,565,310;0,0,0,0,0,0,0,0,0,0,0,0,0,0;0,0,1,0,0,0,0;0,0,0,0,0,0,0;0,0,0,1,0,0,0
1657556655969;e36a2ec6-b3b9-46c3-942e-fef3b282b8f9;44;m;1;0;4;5;3;2;2013;2;2013;1657556728960;Ethnicity (slicer) - Ethnicity: Group E selected;NewHiresByEthnicity.Ethnicity<categorical>, Ethnicity.Ethnicity<categorical>, Year.Year<categorical>;NewHiresByEthnicity.Ethnicity<categorical>;21,27,44,53,62,60,81,53,64,93,64,41;0,0,0,0,0,0,0,0,0,0,0,0,0,0,0,0,0,0,0,0,0,0,0,0;10,11,17,18,21,19,31,48,52,49,51,23;0,0,0,0,0,0,0,0,0,0,0,0,0,0,0,0,0,0,0,0,0,0,0,0;0,0,0,0;6,2,2,4,6,6,8,7,3,11,1,6,1;663;0,1,0,1,0,0,1,1,0,1,0,1,0,1;112,78,45,87,125,81,135;0,0,0,0,0,0,0,0,0,0,0,0,0,0;0,0,0,0,1,0,0;0,0,0,0,0,0,0;0,0,0,1,0,0,0
1657556670932;e36a2ec6-b3b9-46c3-942e-fef3b282b8f9;44;m;1;0;4;5;3;2;2013;2;2013;1657556728960;Ethnicity (slicer) - Ethnicity: Group A selected;NewHiresByEthnicity.Ethnicity<categorical>, Ethnicity.Ethnicity<categorical>, Year.Year<categorical>;NewHiresByEthnicity.Ethnicity<categorical>;301,457,743,803,929,856,923,1039,903,1281,902,434;0,0,0,0,0,0,0,0,0,0,0,0,0,0,0,0,0,0,0,0,0,0,0,0;185,205,352,336,407,425,331,684,724,762,796,301;0,0,0,0,0,0,0,0,0,0,0,0,0,0,0,0,0,0,0,0,0,0,0,0;0,0,0,0;42,259,55,402,57,686,80,723,95,834,70,786,71,852,71,968,66,837,110,1171,71,831,41,393;9571;0,0,0,1,0,1,1,1,0,1,0,1,0,1;1722,1523,2003,802,1577,1257,687;0,0,0,0,0,0,0,0,0,0,0,0,0,0;1,0,0,0,0,0,0;0,0,0,0,0,0,0;0,0,0,1,0,0,0
1657556671664;e36a2ec6-b3b9-46c3-942e-fef3b282b8f9;44;m;1;0;4;5;3;2;2013;2;2013;1657556728960;Ethnicity (slicer) - Ethnicity: Group B selected;NewHiresByEthnicity.Ethnicity<categorical>, Ethnicity.Ethnicity<categorical>, Year.Year<categorical>;NewHiresByEthnicity.Ethnicity<categorical>;53,70,157,189,203,238,249,257,220,411,269,100;0,0,0,0,0,0,0,0,0,0,0,0,0,0,0,0,0,0,0,0,0,0,0,0;17,37,43,48,80,90,96,132,160,176,208,75;0,0,0,0,0,0,0,0,0,0,0,0,0,0,0,0,0,0,0,0,0,0,0,0;0,0,0,0;3,50,2,68,8,149,9,180,7,196,12,226,8,241,12,245,6,214,13,398,6,263,8,92;2416;0,1,0,0,0,1,1,1,0,1,0,1,0,1;229,193,503,246,370,565,310;0,0,0,0,0,0,0,0,0,0,0,0,0,0;0,1,0,0,0,0,0;0,0,0,0,0,0,0;0,0,0,1,0,0,0
1657556674617;e36a2ec6-b3b9-46c3-942e-fef3b282b8f9;44;m;1;0;4;5;3;2;2013;2;2013;1657556728960;Ethnicity (slicer) - Ethnicity: Group C selected;NewHiresByEthnicity.Ethnicity<categorical>, Ethnicity.Ethnicity<categorical>, Year.Year<categorical>;NewHiresByEthnicity.Ethnicity<categorical>;21,27,44,53,62,60,81,53,64,93,64,41;0,0,0,0,0,0,0,0,0,0,0,0,0,0,0,0,0,0,0,0,0,0,0,0;10,11,17,18,21,19,31,48,52,49,51,23;0,0,0,0,0,0,0,0,0,0,0,0,0,0,0,0,0,0,0,0,0,0,0,0;0,0,0,0;3,18,2,25,4,40,9,44,3,59,3,57,5,76,2,51,4,60,7,86,2,62,4,37;663;0,1,0,1,0,0,1,1,0,1,0,1,0,1;112,78,45,87,125,81,135;0,0,0,0,0,0,0,0,0,0,0,0,0,0;0,0,1,0,0,0,0;0,0,0,0,0,0,0;0,0,0,1,0,0,0
1657556675776;e36a2ec6-b3b9-46c3-942e-fef3b282b8f9;44;m;1;0;4;5;3;2;2013;2;2013;1657556728960;Ethnicity (slicer) - Ethnicity: Group D selected;NewHiresByEthnicity.Ethnicity<categorical>, Ethnicity.Ethnicity<categorical>, Year.Year<categorical>;NewHiresByEthnicity.Ethnicity<categorical>;21,27,44,53,62,60,81,53,64,93,64,41;0,0,0,0,0,0,0,0,0,0,0,0,0,0,0,0,0,0,0,0,0,0,0,0;10,11,17,18,21,19,31,48,52,49,51,23;0,0,0,0,0,0,0,0,0,0,0,0,0,0,0,0,0,0,0,0,0,0,0,0;0,0,0,0;1,9,5,7,1,13,3,11,2,17,1,13,1,19,2,23,2,24,7,30,2,17,1,9;663;0,1,0,1,0,0,1,1,0,1,0,1,0,1;112,78,45,87,125,81,135;0,0,0,0,0,0,0,0,0,0,0,0,0,0;0,0,0,1,0,0,0;0,0,0,0,0,0,0;0,0,0,1,0,0,0
1657556676905;e36a2ec6-b3b9-46c3-942e-fef3b282b8f9;44;m;1;0;4;5;3;2;2013;2;2013;1657556728960;Ethnicity (slicer) - Ethnicity: Group A selected;NewHiresByEthnicity.Ethnicity<categorical>, Ethnicity.Ethnicity<categorical>, Year.Year<categorical>;NewHiresByEthnicity.Ethnicity<categorical>;301,457,743,803,929,856,923,1039,903,1281,902,434;0,0,0,0,0,0,0,0,0,0,0,0,0,0,0,0,0,0,0,0,0,0,0,0;185,205,352,336,407,425,331,684,724,762,796,301;0,0,0,0,0,0,0,0,0,0,0,0,0,0,0,0,0,0,0,0,0,0,0,0;0,0,0,0;42,259,55,402,57,686,80,723,95,834,70,786,71,852,71,968,66,837,110,1171,71,831,41,393;9571;0,0,0,1,0,1,1,1,0,1,0,1,0,1;1722,1523,2003,802,1577,1257,687;0,0,0,0,0,0,0,0,0,0,0,0,0,0;1,0,0,0,0,0,0;0,0,0,0,0,0,0;0,0,0,1,0,0,0
1657556679434;e36a2ec6-b3b9-46c3-942e-fef3b282b8f9;44;m;1;0;4;5;3;2;2013;2;2013;1657556728960;Ethnicity (slicer) - Ethnicity: Group F selected;NewHiresByEthnicity.Ethnicity<categorical>, Ethnicity.Ethnicity<categorical>, Year.Year<categorical>;NewHiresByEthnicity.Ethnicity<categorical>;9,18,20,23,39,26,38,77,59,52,50,19;0,0,0,0,0,0,0,0,0,0,0,0,0,0,0,0,0,0,0,0,0,0,0,0;10,11,19,7,8,12,8,20,37,33,42,12;0,0,0,0,0,0,0,0,0,0,0,0,0,0,0,0,0,0,0,0,0,0,0,0;0,0,0,0;2,7,1,17,1,19,2,21,5,34,3,23,3,35,5,72,4,55,2,50,4,46,2,17;430;0,1,0,1,0,1,1,0,0,1,0,1,0,1;63,31,88,41,51,75,81;0,0,0,0,0,0,0,0,0,0,0,0,0,0;0,0,0,0,0,1,0;0,0,0,0,0,0,0;0,0,0,1,0,0,0
1657556687661;e36a2ec6-b3b9-46c3-942e-fef3b282b8f9;44;m;1;0;4;5;3;2;2013;2;2013;1657556728960;Year (slicer) - Year: 2012 selected;NewHiresByEthnicity.Ethnicity<categorical>, Ethnicity.Ethnicity<categorical>, Year.Year<categorical>;NewHiresByEthnicity.Ethnicity<categorical>;9,18,20,23,39,26,38,77,59,52,50,19;0,0,0,0,0,0,0,0,0,0,0,0,0,0,0,0,0,0,0,0,0,0,0,0;10,11,19,7,8,12,8,20,37,33,42,12;0,0,0,0,0,0,0,0,0,0,0,0,0,0,0,0,0,0,0,0,0,0,0,0;0,0,0,0;2,8,2,9,5,14,1,6,8,2,10,3,5,3,17,2,35,1,32,3,39,12;430;0,1,0,1,0,1,1,0,0,1,0,1,0,1;63,31,88,41,51,75,81;0,0,0,0,0,0,0,0,0,0,0,0,0,0;0,0,0,0,0,1,0;0,0,0,0,0,0,0;0,0,1,0,0,0,0
1657556700110;e36a2ec6-b3b9-46c3-942e-fef3b282b8f9;44;m;1;0;4;5;3;2;2013;2;2013;1657556728960;Year (slicer) - Year: 2013 selected;NewHiresByEthnicity.Ethnicity<categorical>, Ethnicity.Ethnicity<categorical>, Year.Year<categorical>;NewHiresByEthnicity.Ethnicity<categorical>;9,18,20,23,39,26,38,77,59,52,50,19;0,0,0,0,0,0,0,0,0,0,0,0,0,0,0,0,0,0,0,0,0,0,0,0;10,11,19,7,8,12,8,20,37,33,42,12;0,0,0,0,0,0,0,0,0,0,0,0,0,0,0,0,0,0,0,0,0,0,0,0;0,0,0,0;2,7,1,17,1,19,2,21,5,34,3,23,3,35,5,72,4,55,2,50,4,46,2,17;430;0,1,0,1,0,1,1,0,0,1,0,1,0,1;63,31,88,41,51,75,81;0,0,0,0,0,0,0,0,0,0,0,0,0,0;0,0,0,0,0,1,0;0,0,0,0,0,0,0;0,0,0,1,0,0,0
1657556711247;e36a2ec6-b3b9-46c3-942e-fef3b282b8f9;44;m;1;0;4;5;3;2;2013;2;2013;1657556728960;New Hires by Ethnicity (clusteredBarChart) - Ethnicity: Group F selected;NewHiresByEthnicity.Ethnicity<categorical>, Ethnicity.Ethnicity<categorical>, Year.Year<categorical>;NewHiresByEthnicity.Ethnicity<categorical>;9,18,20,23,39,26,38,77,59,52,50,19;0,0,0,0,0,0,0,0,0,0,0,0,0,0,0,0,0,0,0,0,0,0,0,0;10,11,19,7,8,12,8,20,37,33,42,12;0,0,0,0,0,0,0,0,0,0,0,0,0,0,0,0,0,0,0,0,0,0,0,0;0,0,0,0;2,7,1,17,1,19,2,21,5,34,3,23,3,35,5,72,4,55,2,50,4,46,2,17;430;0,1,0,1,0,1,1,0,0,1,0,1,0,1;63,31,88,41,51,75,81;0,0,0,0,0,0,0,0,0,0,0,0,0,0;0,0,0,0,0,1,0;0,0,0,0,0,0,0;0,0,0,1,0,0,0
1657556711935;e36a2ec6-b3b9-46c3-942e-fef3b282b8f9;44;m;1;0;4;5;3;2;2013;2;2013;1657556728960;New Hires by Ethnicity (clusteredBarChart) - deselected;Ethnicity.Ethnicity<categorical>, Year.Year<categorical>;NewHiresByEthnicity.Ethnicity<categorical>;9,18,20,23,39,26,38,77,59,52,50,19;0,0,0,0,0,0,0,0,0,0,0,0,0,0,0,0,0,0,0,0,0,0,0,0;10,11,19,7,8,12,8,20,37,33,42,12;0,0,0,0,0,0,0,0,0,0,0,0,0,0,0,0,0,0,0,0,0,0,0,0;0,0,0,0;2,7,1,17,1,19,2,21,5,34,3,23,3,35,5,72,4,55,2,50,4,46,2,17;430;0,1,0,1,0,1,0,0,0,1,0,1,0,1;63,31,88,41,51,75,81;0,0,0,0,0,0,0,0,0,0,0,0,0,0;0,0,0,0,0,1,0;0,0,0,0,0,0,0;0,0,0,1,0,0,0
1657556712704;e36a2ec6-b3b9-46c3-942e-fef3b282b8f9;44;m;1;0;4;5;3;2;2013;2;2013;1657556728960;New Hires by Ethnicity (clusteredBarChart) - Ethnicity: Group F selected;NewHiresByEthnicity.Ethnicity<categorical>, Ethnicity.Ethnicity<categorical>, Year.Year<categorical>;NewHiresByEthnicity.Ethnicity<categorical>;9,18,20,23,39,26,38,77,59,52,50,19;0,0,0,0,0,0,0,0,0,0,0,0,0,0,0,0,0,0,0,0,0,0,0,0;10,11,19,7,8,12,8,20,37,33,42,12;0,0,0,0,0,0,0,0,0,0,0,0,0,0,0,0,0,0,0,0,0,0,0,0;0,0,0,0;2,7,1,17,1,19,2,21,5,34,3,23,3,35,5,72,4,55,2,50,4,46,2,17;430;0,1,0,1,0,1,1,0,0,1,0,1,0,1;63,31,88,41,51,75,81;0,0,0,0,0,0,0,0,0,0,0,0,0,0;0,0,0,0,0,1,0;0,0,0,0,0,0,0;0,0,0,1,0,0,0
1657556731377;e36a2ec6-b3b9-46c3-942e-fef3b282b8f9;44;m;1;0;4;5;5;3;22;2;22;1657556842365;Root;Year.Year<categorical>;;400,588,982,1086,1258,1204,1321,1463,1276,1886,1312,606;0,0,0,0,0,0,0,0,0,0,0,0,0,0,0,0,0,0,0,0,0,0,0,0;225,268,445,420,531,565,477,908,997,1038,1115,418;0,0,0,0,0,0,0,0,0,0,0,0,0,0,0,0,0,0,0,0,0,0,0,0;0,0,0,0;51,349,65,523,71,911,103,983,112,1146,89,1115,88,1233,92,1371,82,1194,139,1747,86,1226,56,550;9571,2416,663,430,220,63,19;0,0,0,0,0,0,0,0,0,0,0,0,0,0;2168,1851,2684,1224,2165,2025,1265;0,0,0,0,0,0,0,0,0,0,0,0,0,0;0,0,0,0,0,0,0;0,0,0,0,0,0,0;0,0,0,1,0,0,0
1657556751320;e36a2ec6-b3b9-46c3-942e-fef3b282b8f9;44;m;1;0;4;5;5;3;22;2;22;1657556842365;Year (slicer) - Year: 2012 selected;Year.Year<categorical>;;400,588,982,1086,1258,1204,1321,1463,1276,1886,1312,606;0,0,0,0,0,0,0,0,0,0,0,0,0,0,0,0,0,0,0,0,0,0,0,0;225,268,445,420,531,565,477,908,997,1038,1115,418;0,0,0,0,0,0,0,0,0,0,0,0,0,0,0,0,0,0,0,0,0,0,0,0;0,0,0,0;62,163,58,210,93,352,93,327,87,444,87,478,58,419,106,802,98,899,107,931,96,1019,42,376;9571,2416,663,430,220,63,19;0,0,0,0,0,0,0,0,0,0,0,0,0,0;2168,1851,2684,1224,2165,2025,1265;0,0,0,0,0,0,0,0,0,0,0,0,0,0;0,0,0,0,0,0,0;0,0,0,0,0,0,0;0,0,1,0,0,0,0
1657556753919;e36a2ec6-b3b9-46c3-942e-fef3b282b8f9;44;m;1;0;4;5;5;3;22;2;22;1657556842365;New Hires by Ethnicity (clusteredBarChart) - Ethnicity: Group F selected;NewHiresByEthnicity.Ethnicity<categorical>, Year.Year<categorical>;;225,268,445,420,531,565,477,908,997,1038,1115,418;0,0,0,0,0,0,0,0,0,0,0,0,0,0,0,0,0,0,0,0,0,0,0,0;77,103,212,260,298,332,258,395,383,375,408,157;0,0,0,0,0,0,0,0,0,0,0,0,0,0,0,0,0,0,0,0,0,0,0,0;0,0,0,0;2,8,2,9,5,14,1,6,8,2,10,3,5,3,17,2,35,1,32,3,39,12;5508,1162,350,219,135,27,6;0,0,0,0,0,0,1,0,0,0,0,0,0,0;1297,1092,1354,526,1203,1190,745;0,0,0,0,0,0,0,0,0,0,0,0,0,0;0,0,0,0,0,0,0;0,0,0,0,0,0,0;0,0,1,0,0,0,0
1657556764510;e36a2ec6-b3b9-46c3-942e-fef3b282b8f9;44;m;1;0;4;5;5;3;22;2;22;1657556842365;Ethnicity (slicer) - Ethnicity: Group B selected;NewHiresByEthnicity.Ethnicity<categorical>, Ethnicity.Ethnicity<categorical>, Year.Year<categorical>;NewHiresByMonth(Full-Time/Part-Time).Month<categorical>, NewHiresByMonth(Full-Time/Part-Time).FPDesc<categorical>;225,268,445,420,531,565,477,908,997,1038,1115,418;0,0,0,0,0,0,0,0,0,0,0,0,0,0,0,0,0,0,0,0,0,0,0,0;77,103,212,260,298,332,258,395,383,375,408,157;0,1,0,1,0,1,0,1,0,1,0,1,0,1,0,1,0,1,0,1,0,1,0,1;0,1,0,1;0;5508,1162,350,219,135,27,6;0,0,0,0,0,0,1,0,0,0,0,0,0,0;1297,1092,1354,526,1203,1190,745;0,0,0,0,0,0,0,0,0,0,0,0,0,0;0,1,0,0,0,0,0;0,0,0,0,0,0,0;0,0,1,0,0,0,0
1657556772225;e36a2ec6-b3b9-46c3-942e-fef3b282b8f9;44;m;1;0;4;5;5;3;22;2;22;1657556842365;New Hires and New Hires Same Period Last Year (SPLY) (clusteredColumnChart) - Month: Jan, Feb, Mar, Apr, May, Jun, Jul, Jan, Feb, Mar, Apr, May, Jun, Jul selected;NewHiresAndNewHiresSamePeriodLastYear(SPLY).Month<categorical>, Ethnicity.Ethnicity<categorical>, Year.Year<categorical>;NewHiresByMonth(Full-Time/Part-Time).Month<categorical>, NewHiresByEthnicity.Ethnicity<categorical>;17,37,43,48,80,90,96,132,160,176,208,75;1,0,1,0,1,0,1,0,1,0,1,0,1,0,0,0,0,0,0,0,0,0,0,0;5,6,16,23,18,37,32,45,29,38,48,19;0,0,0,0,0,0,0,0,0,0,0,0,0,0,0,1,0,1,0,1,0,1,0,1;0,0,0,0;4,13,11,26,3,40,9,39,80,4,86,9,87;1162;0,1,0,0,0,1,0,1,0,1,0,1,0,1;138,102,216,83,187,297,139;0,0,0,0,0,0,0,0,0,0,0,0,0,0;0,1,0,0,0,0,0;0,0,0,0,0,0,0;0,0,1,0,0,0,0
1657556785634;e36a2ec6-b3b9-46c3-942e-fef3b282b8f9;44;m;1;0;4;5;5;3;22;2;22;1657556842365;New Hires and New Hires Same Period Last Year (SPLY) (clusteredColumnChart) - Month: Jan, Feb, Mar, Apr, May, Jun, Jan, Feb, Mar, Apr, May, Jun selected;NewHiresAndNewHiresSamePeriodLastYear(SPLY).Month<categorical>, Ethnicity.Ethnicity<categorical>, Year.Year<categorical>;NewHiresByMonth(Full-Time/Part-Time).Month<categorical>, NewHiresByEthnicity.Ethnicity<categorical>;17,37,43,48,80,90,96,132,160,176,208,75;1,0,1,0,1,0,1,0,1,0,1,0,0,0,0,0,0,0,0,0,0,0,0,0;5,6,16,23,18,37,32,45,29,38,48,19;0,0,0,0,0,0,0,0,0,0,0,0,0,1,0,1,0,1,0,1,0,1,0,1;0,0,0,0;4,13,11,26,3,40,9,39,80,4,86;1162;0,1,0,0,0,1,0,1,0,1,0,1,0,1;138,102,216,83,187,297,139;0,0,0,0,0,0,0,0,0,0,0,0,0,0;0,1,0,0,0,0,0;0,0,0,0,0,0,0;0,0,1,0,0,0,0
1657556805686;e36a2ec6-b3b9-46c3-942e-fef3b282b8f9;44;m;1;0;4;5;5;3;22;2;22;1657556842365;Region (slicer) - Region: East selected;NewHiresAndNewHiresSamePeriodLastYear(SPLY).Month<categorical>, Ethnicity.Ethnicity<categorical>, Region.Region<categorical>, Year.Year<categorical>;NewHiresByMonth(Full-Time/Part-Time).Month<categorical>, NewHiresByEthnicity.Ethnicity<categorical>;17,37,43,48,80,90,96,132,160,176,208,75;1,0,1,0,1,0,1,0,1,0,1,0,0,0,0,0,0,0,0,0,0,0,0,0;5,6,16,23,18,37,32,45,29,38,48,19;0,0,0,0,0,0,0,0,0,0,0,0,0,1,0,1,0,1,0,1,0,1,0,1;0,0,0,0;2,2,4,2,1,2,1,1,7;1162;0,1,0,0,0,1,0,1,0,1,0,1,0,1;138,102,216,83,187,297,139;0,0,0,0,0,0,0,0,0,0,0,0,0,0;0,1,0,0,0,0,0;0,0,0,1,0,0,0;0,0,1,0,0,0,0
1657556844734;e36a2ec6-b3b9-46c3-942e-fef3b282b8f9;44;m;1;0;4;5;4;2;Jul 2014;2;Jul 2014;1657557010958;Root;Year.Year<categorical>;;400,588,982,1086,1258,1204,1321,1463,1276,1886,1312,606;0,0,0,0,0,0,0,0,0,0,0,0,0,0,0,0,0,0,0,0,0,0,0,0;225,268,445,420,531,565,477,908,997,1038,1115,418;0,0,0,0,0,0,0,0,0,0,0,0,0,0,0,0,0,0,0,0,0,0,0,0;0,0,0,0;51,349,65,523,71,911,103,983,112,1146,89,1115,88,1233,92,1371,82,1194,139,1747,86,1226,56,550;9571,2416,663,430,220,63,19;0,0,0,0,0,0,0,0,0,0,0,0,0,0;2168,1851,2684,1224,2165,2025,1265;0,0,0,0,0,0,0,0,0,0,0,0,0,0;0,0,0,0,0,0,0;0,0,0,0,0,0,0;0,0,0,1,0,0,0
1657556880508;e36a2ec6-b3b9-46c3-942e-fef3b282b8f9;44;m;1;0;4;5;4;2;Jul 2014;2;Jul 2014;1657557010958;Region (slicer) - Region: Northwest selected;Region.Region<categorical>, Year.Year<categorical>;;400,588,982,1086,1258,1204,1321,1463,1276,1886,1312,606;0,0,0,0,0,0,0,0,0,0,0,0,0,0,0,0,0,0,0,0,0,0,0,0;225,268,445,420,531,565,477,908,997,1038,1115,418;0,0,0,0,0,0,0,0,0,0,0,0,0,0,0,0,0,0,0,0,0,0,0,0;0,0,0,0;11,67,19,145,21,207,20,196,21,209,22,212,19,178,24,276,18,228,52,364,25,242,14,94;9571,2416,663,430,220,63,19;0,0,0,0,0,0,0,0,0,0,0,0,0,0;2168,1851,2684,1224,2165,2025,1265;0,0,0,0,0,0,0,0,0,0,0,0,0,0;0,0,0,0,0,0,0;0,0,1,0,0,0,0;0,0,0,1,0,0,0
1657556901907;e36a2ec6-b3b9-46c3-942e-fef3b282b8f9;44;m;1;0;4;5;4;2;Jul 2014;2;Jul 2014;1657557010958;Year (slicer) - Year: 2012 selected;Region.Region<categorical>, Year.Year<categorical>;NewHiresByRegion.Region<categorical>;78,164,228,216,230,234,197,300,246,416,267,108;0,0,0,0,0,0,0,0,0,0,0,0,0,0,0,0,0,0,0,0,0,0,0,0;31,34,65,79,86,110,69,138,141,234,290,77;0,0,0,0,0,0,0,0,0,0,0,0,0,0,0,0,0,0,0,0,0,0,0,0;0,0,0,0;11,20,11,23,18,47,27,52,10,76,20,90,14,55,25,113,14,127,32,202,24,266,9,68;2003,503,88,45,28,11,6;0,0,0,0,0,0,0,0,0,0,0,0,0,0;2684;0,1,0,1,0,0,0,1,0,1,0,1,0,1;0,0,0,0,0,0,0;0,0,1,0,0,0,0;0,0,1,0,0,0,0
1657556945251;e36a2ec6-b3b9-46c3-942e-fef3b282b8f9;44;m;1;0;4;5;4;2;Jul 2014;2;Jul 2014;1657557010958;Year (slicer) - Year: 2014 selected;Region.Region<categorical>, Year.Year<categorical>;NewHiresByRegion.Region<categorical>;31,34,65,79,86,110,69,138,141,234,290,77;0,0,0,0,0,0,0,0,0,0,0,0,0,0,0,0,0,0,0,0,0,0,0,0;13,20,52,53,45,58,34,57,52,53,85,34;0,0,0,0,0,0,0,0,0,0,0,0,0,0,0,0,0,0,0,0,0,0,0,0;0,0,0,0;16,161,23,214,21,146,19,249,19,273,20,326,18,391,19,346,10,360,9,286,6,198,1,39;1055,216,34,25,18,3,3;0,0,0,0,0,0,0,0,0,0,0,0,0,0;1354;0,1,0,1,0,0,0,1,0,1,0,1,0,1;0,0,0,0,0,0,0;0,0,1,0,0,0,0;0,0,0,0,1,0,0
1657557013317;e36a2ec6-b3b9-46c3-942e-fef3b282b8f9;44;m;1;0;4;5;6;3;768;2;768;1657557154466;Root;Year.Year<categorical>;;400,588,982,1086,1258,1204,1321,1463,1276,1886,1312,606;0,0,0,0,0,0,0,0,0,0,0,0,0,0,0,0,0,0,0,0,0,0,0,0;225,268,445,420,531,565,477,908,997,1038,1115,418;0,0,0,0,0,0,0,0,0,0,0,0,0,0,0,0,0,0,0,0,0,0,0,0;0,0,0,0;51,349,65,523,71,911,103,983,112,1146,89,1115,88,1233,92,1371,82,1194,139,1747,86,1226,56,550;9571,2416,663,430,220,63,19;0,0,0,0,0,0,0,0,0,0,0,0,0,0;2168,1851,2684,1224,2165,2025,1265;0,0,0,0,0,0,0,0,0,0,0,0,0,0;0,0,0,0,0,0,0;0,0,0,0,0,0,0;0,0,0,1,0,0,0
1657557033594;e36a2ec6-b3b9-46c3-942e-fef3b282b8f9;44;m;1;0;4;5;6;3;768;2;768;1657557154466;Region (slicer) - Region: South selected;Region.Region<categorical>, Year.Year<categorical>;;400,588,982,1086,1258,1204,1321,1463,1276,1886,1312,606;0,0,0,0,0,0,0,0,0,0,0,0,0,0,0,0,0,0,0,0,0,0,0,0;225,268,445,420,531,565,477,908,997,1038,1115,418;0,0,0,0,0,0,0,0,0,0,0,0,0,0,0,0,0,0,0,0,0,0,0,0;0,0,0,0;5,51,5,70,5,104,9,132,6,166,2,194,8,214,8,223,5,171,11,313,8,226,3,86;9571,2416,663,430,220,63,19;0,0,0,0,0,0,0,0,0,0,0,0,0,0;2168,1851,2684,1224,2165,2025,1265;0,0,0,0,0,0,0,0,0,0,0,0,0,0;0,0,0,0,0,0,0;0,0,0,0,0,1,0;0,0,0,1,0,0,0
1657557042945;e36a2ec6-b3b9-46c3-942e-fef3b282b8f9;44;m;1;0;4;5;6;3;768;2;768;1657557154466;New Hires by Ethnicity (clusteredBarChart) - Ethnicity: Group B, Group C, Group F, Group D, Group E, Group G selected;NewHiresByEthnicity.Ethnicity<categorical>, Region.Region<categorical>, Year.Year<categorical>;NewHiresByRegion.Region<categorical>;56,75,109,141,172,196,222,231,176,324,234,89;0,0,0,0,0,0,0,0,0,0,0,0,0,0,0,0,0,0,0,0,0,0,0,0;35,58,77,55,83,88,76,153,225,142,132,66;0,0,0,0,0,0,0,0,0,0,0,0,0,0,0,0,0,0,0,0,0,0,0,0;0,0,0,0;1,22,27,2,34,4,48,2,49,1,67,1,78,1,74,2,64,5,139,3,112,1,31;1257,565,81,75,36,8,3;0,0,1,0,1,0,1,0,1,0,1,0,1,0;2025;0,1,0,1,0,1,0,1,0,1,0,0,0,1;0,0,0,0,0,0,0;0,0,0,0,0,1,0;0,0,0,1,0,0,0
1657557157085;e36a2ec6-b3b9-46c3-942e-fef3b282b8f9;44;m;1;0;4;5;7;4;Sep 2014;2;Sep 2014;1657557381679;Root;Year.Year<categorical>;;400,588,982,1086,1258,1204,1321,1463,1276,1886,1312,606;0,0,0,0,0,0,0,0,0,0,0,0,0,0,0,0,0,0,0,0,0,0,0,0;225,268,445,420,531,565,477,908,997,1038,1115,418;0,0,0,0,0,0,0,0,0,0,0,0,0,0,0,0,0,0,0,0,0,0,0,0;0,0,0,0;51,349,65,523,71,911,103,983,112,1146,89,1115,88,1233,92,1371,82,1194,139,1747,86,1226,56,550;9571,2416,663,430,220,63,19;0,0,0,0,0,0,0,0,0,0,0,0,0,0;2168,1851,2684,1224,2165,2025,1265;0,0,0,0,0,0,0,0,0,0,0,0,0,0;0,0,0,0,0,0,0;0,0,0,0,0,0,0;0,0,0,1,0,0,0
1657557170755;e36a2ec6-b3b9-46c3-942e-fef3b282b8f9;44;m;1;0;4;5;7;4;Sep 2014;2;Sep 2014;1657557381679;New Hires by Month (Full-Time/Part-Time) (lineChart) - FPDesc: Part-Time selected;NewHiresByMonth(Full-Time/Part-Time).FPDesc<categorical>, Year.Year<categorical>;;400,588,982,1086,1258,1204,1321,1463,1276,1886,1312,606;0,0,0,0,0,0,0,0,0,0,0,0,0,0,0,0,0,0,0,0,0,0,0,0;225,268,445,420,531,565,477,908,997,1038,1115,418;0,0,0,0,0,0,0,0,0,0,0,0,0,0,0,0,0,0,0,0,0,0,0,0;0,0,1,0;51,349,65,523,71,911,103,983,112,1146,89,1115,88,1233,92,1371,82,1194,139,1747,86,1226,56,550;9571,2416,663,430,220,63,19;0,0,0,0,0,0,0,0,0,0,0,0,0,0;2168,1851,2684,1224,2165,2025,1265;0,0,0,0,0,0,0,0,0,0,0,0,0,0;0,0,0,0,0,0,0;0,0,0,0,0,0,0;0,0,0,1,0,0,0
1657557195509;e36a2ec6-b3b9-46c3-942e-fef3b282b8f9;44;m;1;0;4;5;7;4;Sep 2014;2;Sep 2014;1657557381679;New Hires by Month (Full-Time/Part-Time) (lineChart) - FPDesc: Full-Time selected;NewHiresByMonth(Full-Time/Part-Time).FPDesc<categorical>, Year.Year<categorical>;;400,588,982,1086,1258,1204,1321,1463,1276,1886,1312,606;0,0,0,0,0,0,0,0,0,0,0,0,0,0,0,0,0,0,0,0,0,0,0,0;225,268,445,420,531,565,477,908,997,1038,1115,418;0,0,0,0,0,0,0,0,0,0,0,0,0,0,0,0,0,0,0,0,0,0,0,0;1,0,0,0;51,349,65,523,71,911,103,983,112,1146,89,1115,88,1233,92,1371,82,1194,139,1747,86,1226,56,550;9571,2416,663,430,220,63,19;0,0,0,0,0,0,0,0,0,0,0,0,0,0;2168,1851,2684,1224,2165,2025,1265;0,0,0,0,0,0,0,0,0,0,0,0,0,0;0,0,0,0,0,0,0;0,0,0,0,0,0,0;0,0,0,1,0,0,0
1657557205072;e36a2ec6-b3b9-46c3-942e-fef3b282b8f9;44;m;1;0;4;5;7;4;Sep 2014;2;Sep 2014;1657557381679;New Hires by Month (Full-Time/Part-Time) (lineChart) - FPDesc: Part-Time selected;NewHiresByMonth(Full-Time/Part-Time).FPDesc<categorical>, Year.Year<categorical>;;400,588,982,1086,1258,1204,1321,1463,1276,1886,1312,606;0,0,0,0,0,0,0,0,0,0,0,0,0,0,0,0,0,0,0,0,0,0,0,0;225,268,445,420,531,565,477,908,997,1038,1115,418;0,0,0,0,0,0,0,0,0,0,0,0,0,0,0,0,0,0,0,0,0,0,0,0;0,0,1,0;51,349,65,523,71,911,103,983,112,1146,89,1115,88,1233,92,1371,82,1194,139,1747,86,1226,56,550;9571,2416,663,430,220,63,19;0,0,0,0,0,0,0,0,0,0,0,0,0,0;2168,1851,2684,1224,2165,2025,1265;0,0,0,0,0,0,0,0,0,0,0,0,0,0;0,0,0,0,0,0,0;0,0,0,0,0,0,0;0,0,0,1,0,0,0
1657557215138;e36a2ec6-b3b9-46c3-942e-fef3b282b8f9;44;m;1;0;4;5;7;4;Sep 2014;2;Sep 2014;1657557381679;Year (slicer) - Year: 2010 selected;NewHiresByMonth(Full-Time/Part-Time).FPDesc<categorical>, Year.Year<categorical>;NewHiresByMonth(Full-Time/Part-Time).Month<categorical>, NewHiresByMonth(Full-Time/Part-Time).FPDesc<categorical>;400,588,982,1086,1258,1204,1321,1463,1276,1886,1312,606;0,0,0,0,0,0,0,0,0,0,0,0,0,0,0,0,0,0,0,0,0,0,0,0;225,268,445,420,531,565,477,908,997,1038,1115,418;0,1,0,1,0,1,0,1,0,1,0,1,0,1,0,1,0,1,0,1,0,1,0,1;0,1,1,1;0;9571,2416,663,430,220,63,19;0,0,0,0,0,0,0,0,0,0,0,0,0,0;2168,1851,2684,1224,2165,2025,1265;0,0,0,0,0,0,0,0,0,0,0,0,0,0;0,0,0,0,0,0,0;0,0,0,0,0,0,0;1,0,0,0,0,0,0
1657557221847;e36a2ec6-b3b9-46c3-942e-fef3b282b8f9;44;m;1;0;4;5;7;4;Sep 2014;2;Sep 2014;1657557381679;Year (slicer) - Year: 2011 selected;NewHiresByMonth(Full-Time/Part-Time).FPDesc<categorical>, Year.Year<categorical>;NewHiresAndNewHiresSamePeriodLastYear(SPLY).Month<categorical>, NewHiresByEthnicity.Ethnicity<categorical>, NewHiresByRegion.Region<categorical>;0;0,1,0,1,0,1,0,1,0,1,0,1,0,1,0,1,0,1,0,1,0,1,0,1;0;0,0,0,0,0,0,0,0,0,0,0,0,0,0,0,0,0,0,0,0,0,0,0,0;0,0,1,0;31,46,40,63,67,145,84,176,97,201,81,251,73,185,97,298,102,281,75,300,98,310,36,121;0;0,1,0,1,0,1,0,1,0,1,0,1,0,1;0;0,1,0,1,0,1,0,1,0,1,0,1,0,1;0,0,0,0,0,0,0;0,0,0,0,0,0,0;0,1,0,0,0,0,0
1657557228073;e36a2ec6-b3b9-46c3-942e-fef3b282b8f9;44;m;1;0;4;5;7;4;Sep 2014;2;Sep 2014;1657557381679;New Hires by Month (Full-Time/Part-Time) (lineChart) - deselected;Year.Year<categorical>;;77,103,212,260,298,332,258,395,383,375,408,157;0,0,0,0,0,0,0,0,0,0,0,0,0,0,0,0,0,0,0,0,0,0,0,0;0;0,0,0,0,0,0,0,0,0,0,0,0,0,0,0,0,0,0,0,0,0,0,0,0;0,0,0,0;31,46,40,63,67,145,84,176,97,201,81,251,73,185,97,298,102,281,75,300,98,310,36,121;2634,316,133,86,70,15,4;0,0,0,0,0,0,0,0,0,0,0,0,0,0;603,479,556,281,500,496,343;0,0,0,0,0,0,0,0,0,0,0,0,0,0;0,0,0,0,0,0,0;0,0,0,0,0,0,0;0,1,0,0,0,0,0
1657557229915;e36a2ec6-b3b9-46c3-942e-fef3b282b8f9;44;m;1;0;4;5;7;4;Sep 2014;2;Sep 2014;1657557381679;New Hires by Month (Full-Time/Part-Time) (lineChart) - FPDesc: Part-Time selected;NewHiresByMonth(Full-Time/Part-Time).FPDesc<categorical>, Year.Year<categorical>;;77,103,212,260,298,332,258,395,383,375,408,157;0,0,0,0,0,0,0,0,0,0,0,0,0,0,0,0,0,0,0,0,0,0,0,0;0;0,0,0,0,0,0,0,0,0,0,0,0,0,0,0,0,0,0,0,0,0,0,0,0;0,0,1,0;31,46,40,63,67,145,84,176,97,201,81,251,73,185,97,298,102,281,75,300,98,310,36,121;2634,316,133,86,70,15,4;0,0,0,0,0,0,0,0,0,0,0,0,0,0;603,479,556,281,500,496,343;0,0,0,0,0,0,0,0,0,0,0,0,0,0;0,0,0,0,0,0,0;0,0,0,0,0,0,0;0,1,0,0,0,0,0
1657557239396;e36a2ec6-b3b9-46c3-942e-fef3b282b8f9;44;m;1;0;4;5;7;4;Sep 2014;2;Sep 2014;1657557381679;Year (slicer) - Year: 2012 selected;NewHiresByMonth(Full-Time/Part-Time).FPDesc<categorical>, Year.Year<categorical>;;77,103,212,260,298,332,258,395,383,375,408,157;0,0,0,0,0,0,0,0,0,0,0,0,0,0,0,0,0,0,0,0,0,0,0,0;0;0,0,0,0,0,0,0,0,0,0,0,0,0,0,0,0,0,0,0,0,0,0,0,0;0,0,1,0;62,163,58,210,93,352,93,327,87,444,87,478,58,419,106,802,98,899,107,931,96,1019,42,376;2634,316,133,86,70,15,4;0,0,0,0,0,0,0,0,0,0,0,0,0,0;603,479,556,281,500,496,343;0,0,0,0,0,0,0,0,0,0,0,0,0,0;0,0,0,0,0,0,0;0,0,0,0,0,0,0;0,0,1,0,0,0,0
1657557264540;e36a2ec6-b3b9-46c3-942e-fef3b282b8f9;44;m;1;0;4;5;7;4;Sep 2014;2;Sep 2014;1657557381679;Year (slicer) - Year: 2013 selected;NewHiresByMonth(Full-Time/Part-Time).FPDesc<categorical>, Year.Year<categorical>;;400,588,982,1086,1258,1204,1321,1463,1276,1886,1312,606;0,0,0,0,0,0,0,0,0,0,0,0,0,0,0,0,0,0,0,0,0,0,0,0;225,268,445,420,531,565,477,908,997,1038,1115,418;0,0,0,0,0,0,0,0,0,0,0,0,0,0,0,0,0,0,0,0,0,0,0,0;0,0,1,0;51,349,65,523,71,911,103,983,112,1146,89,1115,88,1233,92,1371,82,1194,139,1747,86,1226,56,550;9571,2416,663,430,220,63,19;0,0,0,0,0,0,0,0,0,0,0,0,0,0;2168,1851,2684,1224,2165,2025,1265;0,0,0,0,0,0,0,0,0,0,0,0,0,0;0,0,0,0,0,0,0;0,0,0,0,0,0,0;0,0,0,1,0,0,0
1657557303460;e36a2ec6-b3b9-46c3-942e-fef3b282b8f9;44;m;1;0;4;5;7;4;Sep 2014;2;Sep 2014;1657557381679;Year (slicer) - Year: 2014 selected;NewHiresByMonth(Full-Time/Part-Time).FPDesc<categorical>, Year.Year<categorical>;;400,588,982,1086,1258,1204,1321,1463,1276,1886,1312,606;0,0,0,0,0,0,0,0,0,0,0,0,0,0,0,0,0,0,0,0,0,0,0,0;225,268,445,420,531,565,477,908,997,1038,1115,418;0,0,0,0,0,0,0,0,0,0,0,0,0,0,0,0,0,0,0,0,0,0,0,0;0,0,1,0;73,701,77,1037,87,1159,124,1351,139,1847,100,2086,92,1869,91,2098,84,2128,75,2028,50,1411,17,349;9571,2416,663,430,220,63,19;0,0,0,0,0,0,0,0,0,0,0,0,0,0;2168,1851,2684,1224,2165,2025,1265;0,0,0,0,0,0,0,0,0,0,0,0,0,0;0,0,0,0,0,0,0;0,0,0,0,0,0,0;0,0,0,0,1,0,0
1657557342216;e36a2ec6-b3b9-46c3-942e-fef3b282b8f9;44;m;1;0;4;5;7;4;Sep 2014;2;Sep 2014;1657557381679;Year (slicer) - Year: 2015 selected;NewHiresByMonth(Full-Time/Part-Time).FPDesc<categorical>, Year.Year<categorical>;NewHiresByMonth(Full-Time/Part-Time).Month<categorical>, NewHiresByMonth(Full-Time/Part-Time).FPDesc<categorical>;774,1114,1246,1475,1986,2186,1961,2189,2212,2103,1461,366;0,0,0,0,0,0,0,0,0,0,0,0,0,0,0,0,0,0,0,0,0,0,0,0;400,588,982,1086,1258,1204,1321,1463,1276,1886,1312,606;0,1,0,1,0,1,0,1,0,1,0,1,0,1,0,1,0,1,0,1,0,1,0,1;0,1,1,1;0;12600,4342,853,781,365,108,24;0,0,0,0,0,0,0,0,0,0,0,0,0,0;3238,2806,3170,1403,3227,3392,1837;0,0,0,0,0,0,0,0,0,0,0,0,0,0;0,0,0,0,0,0,0;0,0,0,0,0,0,0;0,0,0,0,0,1,0
1657557355567;e36a2ec6-b3b9-46c3-942e-fef3b282b8f9;44;m;1;0;4;5;7;4;Sep 2014;2;Sep 2014;1657557381679;New Hires and New Hires Same Period Last Year (SPLY) (clusteredColumnChart) - Month: Sep selected;NewHiresAndNewHiresSamePeriodLastYear(SPLY).Month<categorical>, Year.Year<categorical>;NewHiresByMonth(Full-Time/Part-Time).Month<categorical>, NewHiresByMonth(Full-Time/Part-Time).FPDesc<categorical>, NewHiresByEthnicity.Ethnicity<categorical>, NewHiresByRegion.Region<categorical>;0;0,0,0,0,0,0,0,0,0,0,0,0,0,0,0,0,1,0,0,0,0,0,0,0;774,1114,1246,1475,1986,2186,1961,2189,2212,2103,1461,366;0,1,0,1,0,1,0,1,0,1,0,1,0,1,0,1,0,1,0,1,0,1,0,1;0,1,0,1;0;0;0,1,0,1,0,1,0,1,0,1,0,1,0,1;0;0,1,0,1,0,1,0,1,0,1,0,1,0,1;0,0,0,0,0,0,0;0,0,0,0,0,0,0;0,0,0,0,0,1,0
1657557384004;e36a2ec6-b3b9-46c3-942e-fef3b282b8f9;44;m;1;0;4;5;8;4;South;2;South;1657557501662;Root;Year.Year<categorical>;;400,588,982,1086,1258,1204,1321,1463,1276,1886,1312,606;0,0,0,0,0,0,0,0,0,0,0,0,0,0,0,0,0,0,0,0,0,0,0,0;225,268,445,420,531,565,477,908,997,1038,1115,418;0,0,0,0,0,0,0,0,0,0,0,0,0,0,0,0,0,0,0,0,0,0,0,0;0,0,0,0;51,349,65,523,71,911,103,983,112,1146,89,1115,88,1233,92,1371,82,1194,139,1747,86,1226,56,550;9571,2416,663,430,220,63,19;0,0,0,0,0,0,0,0,0,0,0,0,0,0;2168,1851,2684,1224,2165,2025,1265;0,0,0,0,0,0,0,0,0,0,0,0,0,0;0,0,0,0,0,0,0;0,0,0,0,0,0,0;0,0,0,1,0,0,0
1657557411600;e36a2ec6-b3b9-46c3-942e-fef3b282b8f9;44;m;1;0;4;5;8;4;South;2;South;1657557501662;Year (slicer) - Year: 2012 selected;Year.Year<categorical>;;400,588,982,1086,1258,1204,1321,1463,1276,1886,1312,606;0,0,0,0,0,0,0,0,0,0,0,0,0,0,0,0,0,0,0,0,0,0,0,0;225,268,445,420,531,565,477,908,997,1038,1115,418;0,0,0,0,0,0,0,0,0,0,0,0,0,0,0,0,0,0,0,0,0,0,0,0;0,0,0,0;62,163,58,210,93,352,93,327,87,444,87,478,58,419,106,802,98,899,107,931,96,1019,42,376;9571,2416,663,430,220,63,19;0,0,0,0,0,0,0,0,0,0,0,0,0,0;2168,1851,2684,1224,2165,2025,1265;0,0,0,0,0,0,0,0,0,0,0,0,0,0;0,0,0,0,0,0,0;0,0,0,0,0,0,0;0,0,1,0,0,0,0
1657557432715;e36a2ec6-b3b9-46c3-942e-fef3b282b8f9;44;m;1;0;4;5;8;4;South;2;South;1657557501662;Region (slicer) - Region: North selected;Region.Region<categorical>, Year.Year<categorical>;;225,268,445,420,531,565,477,908,997,1038,1115,418;0,0,0,0,0,0,0,0,0,0,0,0,0,0,0,0,0,0,0,0,0,0,0,0;77,103,212,260,298,332,258,395,383,375,408,157;0,0,0,0,0,0,0,0,0,0,0,0,0,0,0,0,0,0,0,0,0,0,0,0;0,0,0,0;6,34,2,31,23,79,19,77,10,93,16,103,5,63,17,161,14,161,10,148,14,145,8,58;5508,1162,350,219,135,27,6;0,0,0,0,0,0,0,0,0,0,0,0,0,0;1297,1092,1354,526,1203,1190,745;0,0,0,0,0,0,0,0,0,0,0,0,0,0;0,0,0,0,0,0,0;1,0,0,0,0,0,0;0,0,1,0,0,0,0
1657557439376;e36a2ec6-b3b9-46c3-942e-fef3b282b8f9;44;m;1;0;4;5;8;4;South;2;South;1657557501662;Region (slicer) - Region: Midwest selected;Region.Region<categorical>, Year.Year<categorical>;NewHiresByRegion.Region<categorical>;40,33,102,96,103,119,68,178,175,158,159,66;0,0,0,0,0,0,0,0,0,0,0,0,0,0,0,0,0,0,0,0,0,0,0,0;16,15,42,43,49,69,54,81,76,70,68,20;0,0,0,0,0,0,0,0,0,0,0,0,0,0,0,0,0,0,0,0,0,0,0,0;0,0,0,0;4,35,6,49,7,62,5,51,12,74,8,71,5,65,10,133,9,139,9,162,9,106,4,57;1038,138,53,38,20,9,1;0,0,0,0,0,0,0,0,0,0,0,0,0,0;1297;0,0,0,1,0,1,0,1,0,1,0,1,0,1;0,0,0,0,0,0,0;0,1,0,0,0,0,0;0,0,1,0,0,0,0
1657557445033;e36a2ec6-b3b9-46c3-942e-fef3b282b8f9;44;m;1;0;4;5;8;4;South;2;South;1657557501662;Region (slicer) - Region: Northwest selected;Region.Region<categorical>, Year.Year<categorical>;NewHiresByEthnicity.Ethnicity<categorical>, NewHiresByRegion.Region<categorical>;39,55,69,56,86,79,70,143,148,171,115,61;0,0,0,0,0,0,0,0,0,0,0,0,0,0,0,0,0,0,0,0,0,0,0,0;9,14,27,35,41,35,33,61,68,72,64,20;0,0,0,0,0,0,0,0,0,0,0,0,0,0,0,0,0,0,0,0,0,0,0,0;0,0,0,0;11,20,11,23,18,47,27,52,10,76,20,90,14,55,25,113,14,127,32,202,24,266,9,68;897,102,48,24,19,2;0,0,0,0,0,0,0,0,0,0,0,0,0,1;1092;0,1,0,0,0,1,0,1,0,1,0,1,0,1;0,0,0,0,0,0,0;0,0,1,0,0,0,0;0,0,1,0,0,0,0
1657557451951;e36a2ec6-b3b9-46c3-942e-fef3b282b8f9;44;m;1;0;4;5;8;4;South;2;South;1657557501662;Region (slicer) - Region: East selected;Region.Region<categorical>, Year.Year<categorical>;NewHiresByRegion.Region<categorical>;31,34,65,79,86,110,69,138,141,234,290,77;0,0,0,0,0,0,0,0,0,0,0,0,0,0,0,0,0,0,0,0,0,0,0,0;13,20,52,53,45,58,34,57,52,53,85,34;0,0,0,0,0,0,0,0,0,0,0,0,0,0,0,0,0,0,0,0,0,0,0,0;0,0,0,0;15,17,20,10,15,4,15,12,22,17,21,28,10,29,21,26,23,30,26,51,17,49,8,40;1055,216,34,25,18,3,3;0,0,0,0,0,0,0,0,0,0,0,0,0,0;1354;0,1,0,1,0,0,0,1,0,1,0,1,0,1;0,0,0,0,0,0,0;0,0,0,1,0,0,0;0,0,1,0,0,0,0
1657557456829;e36a2ec6-b3b9-46c3-942e-fef3b282b8f9;44;m;1;0;4;5;8;4;South;2;South;1657557501662;Region (slicer) - Region: Central selected;Region.Region<categorical>, Year.Year<categorical>;NewHiresByEthnicity.Ethnicity<categorical>, NewHiresByRegion.Region<categorical>;32,30,19,27,39,49,39,47,53,77,66,48;0,0,0,0,0,0,0,0,0,0,0,0,0,0,0,0,0,0,0,0,0,0,0,0;11,11,16,17,16,30,22,28,35,35,42,18;0,0,0,0,0,0,0,0,0,0,0,0,0,0,0,0,0,0,0,0,0,0,0,0;0,0,0,0;13,17,9,26,13,57,15,63,17,72,9,59,6,60,13,127,14,115,17,184,13,222,5,57;374,83,31,23,15;0,0,0,0,0,0,0,0,0,0,0,1,0,1;526;0,1,0,1,0,1,0,0,0,1,0,1,0,1;0,0,0,0,0,0,0;0,0,0,0,1,0,0;0,0,1,0,0,0,0
1657557462565;e36a2ec6-b3b9-46c3-942e-fef3b282b8f9;44;m;1;0;4;5;8;4;South;2;South;1657557501662;Region (slicer) - Region: South selected;Region.Region<categorical>, Year.Year<categorical>;NewHiresByEthnicity.Ethnicity<categorical>, NewHiresByRegion.Region<categorical>;30,35,70,78,89,68,66,140,129,201,235,62;0,0,0,0,0,0,0,0,0,0,0,0,0,0,0,0,0,0,0,0,0,0,0,0;10,15,26,41,46,41,32,75,62,65,65,22;0,0,0,0,0,0,0,0,0,0,0,0,0,0,0,0,0,0,0,0,0,0,0,0;0,0,0,0;8,27,6,52,11,66,8,47,9,74,8,80,8,68,8,145,14,211,10,132,12,120,8,58;914,187,71,15,11,5;0,0,0,0,0,0,0,0,0,0,0,0,0,1;1203;0,1,0,1,0,1,0,1,0,0,0,1,0,1;0,0,0,0,0,0,0;0,0,0,0,0,1,0;0,0,1,0,0,0,0
1657557477466;e36a2ec6-b3b9-46c3-942e-fef3b282b8f9;44;m;1;0;4;5;8;4;South;2;South;1657557501662;Region (slicer) - Region: West selected;Region.Region<categorical>, Year.Year<categorical>;NewHiresByRegion.Region<categorical>;35,58,77,55,83,88,76,153,225,142,132,66;0,0,0,0,0,0,0,0,0,0,0,0,0,0,0,0,0,0,0,0,0,0,0,0;9,14,32,56,56,57,52,45,41,51,59,24;0,0,0,0,0,0,0,0,0,0,0,0,0,0,0,0,0,0,0,0,0,0,0,0;0,0,0,0;5,13,4,19,6,37,4,25,7,38,5,47,10,79,12,97,10,116,3,52,7,111,38;770,297,55,44,19,4,1;0,0,0,0,0,0,0,0,0,0,0,0,0,0;1190;0,1,0,1,0,1,0,1,0,1,0,0,0,1;0,0,0,0,0,0,0;0,0,0,0,0,0,1;0,0,1,0,0,0,0
