timestamp;user;age;gender;dashboardExperience;powerBIExperience;confidence;satisfaction;questionId;taskId;correctAnswer;mentalEffort;selectedAnswer;endtime;triggeredAction;selectedValues;filteredValues;NewHiresByMonth(Full-Time/Part-Time).Month<categorical>;NewHiresByMonth(Full-Time/Part-Time).FPDesc<categorical>;NewHiresByMonth(Full-Time/Part-Time).NewHires<numerical>;NewHiresAndNewHiresSamePeriodLastYear(SPLY).Month<categorical>;NewHiresAndNewHiresSamePeriodLastYear(SPLY).NewHires<numerical>;NewHiresAndNewHiresSamePeriodLastYear(SPLY).NewHiresSPLY<numerical>;NewHiresByEthnicity.Ethnicity<categorical>;NewHiresByEthnicity.NewHires<numerical>;NewHiresByRegion.Region<categorical>;NewHiresByRegion.NewHires<numerical>;Region.Region<categorical>;Ethnicity.Ethnicity<categorical>;Year.Year<categorical>
1658315583475;sample_solution;28;m;1;1;6;6;1;1;Jul;1;Jul;1658315609701;Root;Year.Year<categorical>;;0,0,0,0,0,0,0,0,0,0,0,0,0,0,0,0,0,0,0,0,0,0,0,0;0,0,0,0;51,349,65,523,71,911,103,983,112,1146,89,1115,88,1233,92,1371,82,1194,139,1747,86,1226,56,550;0,0,0,0,0,0,0,0,0,0,0,0,0,0,0,0,0,0,0,0,0,0,0,0;400,588,982,1086,1258,1204,1321,1463,1276,1886,1312,606;225,268,445,420,531,565,477,908,997,1038,1115,418;0,0,0,0,0,0,0,0,0,0,0,0,0,0;9571,2416,663,430,220,63,19;0,0,0,0,0,0,0,0,0,0,0,0,0,0;2168,1851,2684,1224,2165,2025,1265;0,0,0,0,0,0,0;0,0,0,0,0,0,0;0,0,0,1,0,0,0
1658315588983;sample_solution;28;m;1;1;6;6;1;1;Jul;1;Jul;1658315609701;Ethnicity (slicer) - Ethnicity: Group A selected;Ethnicity.Ethnicity<categorical>, Year.Year<categorical>;NewHiresByEthnicity.Ethnicity<categorical>;0,0,0,0,0,0,0,0,0,0,0,0,0,0,0,0,0,0,0,0,0,0,0,0;0,0,0,0;42,259,55,402,57,686,80,723,95,834,70,786,71,852,71,968,66,837,110,1171,71,831,41,393;0,0,0,0,0,0,0,0,0,0,0,0,0,0,0,0,0,0,0,0,0,0,0,0;301,457,743,803,929,856,923,1039,903,1281,902,434;185,205,352,336,407,425,331,684,724,762,796,301;0,0,0,1,0,1,0,1,0,1,0,1,0,1;9571;0,0,0,0,0,0,0,0,0,0,0,0,0,0;1722,1523,2003,802,1577,1257,687;0,0,0,0,0,0,0;1,0,0,0,0,0,0;0,0,0,1,0,0,0
1658315592161;sample_solution;28;m;1;1;6;6;1;1;Jul;1;Jul;1658315609701;Region (slicer) - Region: Northwest selected;Region.Region<categorical>, Ethnicity.Ethnicity<categorical>, Year.Year<categorical>;NewHiresByEthnicity.Ethnicity<categorical>, NewHiresByRegion.Region<categorical>;0,0,0,0,0,0,0,0,0,0,0,0,0,0,0,0,0,0,0,0,0,0,0,0;0,0,0,0;11,56,17,118,16,169,17,148,18,149,19,161,17,130,20,183,16,163,43,257,23,169,11,72;0,0,0,0,0,0,0,0,0,0,0,0,0,0,0,0,0,0,0,0,0,0,0,0;67,135,185,165,167,180,147,203,179,300,192,83;27,30,56,61,64,85,51,109,109,184,220,59;0,0,0,1,0,1,0,1,0,1,0,1,0,1;2003;0,1,0,1,0,0,0,1,0,1,0,1,0,1;2003;0,0,1,0,0,0,0;1,0,0,0,0,0,0;0,0,0,1,0,0,0
1658315595697;sample_solution;28;m;1;1;6;6;1;1;Jul;1;Jul;1658315609701;Year (slicer) - Year: 2014 selected;Region.Region<categorical>, Ethnicity.Ethnicity<categorical>, Year.Year<categorical>;NewHiresByEthnicity.Ethnicity<categorical>, NewHiresByRegion.Region<categorical>;0,0,0,0,0,0,0,0,0,0,0,0,0,0,0,0,0,0,0,0,0,0,0,0;0,0,0,0;13,125,20,155,16,113,16,176,16,197,19,223,16,261,15,238,8,258,9,204,6,141,1,31;0,0,0,0,0,0,0,0,0,0,0,0,0,0,0,0,0,0,0,0,0,0,0,0;138,175,129,192,213,242,277,253,266,213,147,32;67,135,185,165,167,180,147,203,179,300,192,83;0,0,0,1,0,1,0,1,0,1,0,1,0,1;2277;0,1,0,1,0,0,0,1,0,1,0,1,0,1;2277;0,0,1,0,0,0,0;1,0,0,0,0,0,0;0,0,0,0,1,0,0
1658315612996;sample_solution;28;m;1;1;6;6;3;2;2013;1;2013;1658315639344;Root;Year.Year<categorical>;;0,0,0,0,0,0,0,0,0,0,0,0,0,0,0,0,0,0,0,0,0,0,0,0;0,0,0,0;51,349,65,523,71,911,103,983,112,1146,89,1115,88,1233,92,1371,82,1194,139,1747,86,1226,56,550;0,0,0,0,0,0,0,0,0,0,0,0,0,0,0,0,0,0,0,0,0,0,0,0;400,588,982,1086,1258,1204,1321,1463,1276,1886,1312,606;225,268,445,420,531,565,477,908,997,1038,1115,418;0,0,0,0,0,0,0,0,0,0,0,0,0,0;9571,2416,663,430,220,63,19;0,0,0,0,0,0,0,0,0,0,0,0,0,0;2168,1851,2684,1224,2165,2025,1265;0,0,0,0,0,0,0;0,0,0,0,0,0,0;0,0,0,1,0,0,0
1658315625602;sample_solution;28;m;1;1;6;6;3;2;2013;1;2013;1658315639344;Ethnicity (slicer) - Ethnicity: Group F selected;Ethnicity.Ethnicity<categorical>, Year.Year<categorical>;NewHiresByEthnicity.Ethnicity<categorical>;0,0,0,0,0,0,0,0,0,0,0,0,0,0,0,0,0,0,0,0,0,0,0,0;0,0,0,0;2,7,1,17,1,19,2,21,5,34,3,23,3,35,5,72,4,55,2,50,4,46,2,17;0,0,0,0,0,0,0,0,0,0,0,0,0,0,0,0,0,0,0,0,0,0,0,0;9,18,20,23,39,26,38,77,59,52,50,19;10,11,19,7,8,12,8,20,37,33,42,12;0,1,0,1,0,1,0,0,0,1,0,1,0,1;430;0,0,0,0,0,0,0,0,0,0,0,0,0,0;63,31,88,41,51,75,81;0,0,0,0,0,0,0;0,0,0,0,0,1,0;0,0,0,1,0,0,0
1658315642710;sample_solution;28;m;1;1;6;6;2;1;1021;1;1021;1658315669362;Root;Year.Year<categorical>;;0,0,0,0,0,0,0,0,0,0,0,0,0,0,0,0,0,0,0,0,0,0,0,0;0,0,0,0;51,349,65,523,71,911,103,983,112,1146,89,1115,88,1233,92,1371,82,1194,139,1747,86,1226,56,550;0,0,0,0,0,0,0,0,0,0,0,0,0,0,0,0,0,0,0,0,0,0,0,0;400,588,982,1086,1258,1204,1321,1463,1276,1886,1312,606;225,268,445,420,531,565,477,908,997,1038,1115,418;0,0,0,0,0,0,0,0,0,0,0,0,0,0;9571,2416,663,430,220,63,19;0,0,0,0,0,0,0,0,0,0,0,0,0,0;2168,1851,2684,1224,2165,2025,1265;0,0,0,0,0,0,0;0,0,0,0,0,0,0;0,0,0,1,0,0,0
1658315651882;sample_solution;28;m;1;1;6;6;2;1;1021;1;1021;1658315669362;Year (slicer) - Year: 2014 selected;Year.Year<categorical>;;0,0,0,0,0,0,0,0,0,0,0,0,0,0,0,0,0,0,0,0,0,0,0,0;0,0,0,0;73,701,77,1037,87,1159,124,1351,139,1847,100,2086,92,1869,91,2098,84,2128,75,2028,50,1411,17,349;0,0,0,0,0,0,0,0,0,0,0,0,0,0,0,0,0,0,0,0,0,0,0,0;774,1114,1246,1475,1986,2186,1961,2189,2212,2103,1461,366;400,588,982,1086,1258,1204,1321,1463,1276,1886,1312,606;0,0,0,0,0,0,0,0,0,0,0,0,0,0;12600,4342,853,781,365,108,24;0,0,0,0,0,0,0,0,0,0,0,0,0,0;3238,2806,3170,1403,3227,3392,1837;0,0,0,0,0,0,0;0,0,0,0,0,0,0;0,0,0,0,1,0,0
1658315656256;sample_solution;28;m;1;1;6;6;2;1;1021;1;1021;1658315669362;Region (slicer) - Region: East selected;Region.Region<categorical>, Year.Year<categorical>;NewHiresByRegion.Region<categorical>;0,0,0,0,0,0,0,0,0,0,0,0,0,0,0,0,0,0,0,0,0,0,0,0;0,0,0,0;31,86,24,89,18,71,51,77,55,70,33,103,37,78,39,70,37,115,24,114,22,110,11,38;0,0,0,0,0,0,0,0,0,0,0,0,0,0,0,0,0,0,0,0,0,0,0,0;117,113,89,128,125,136,115,109,152,138,132,49;88,72,77,110,112,86,127,104,102,151,119,76;0,0,0,0,0,0,0,0,0,0,0,0,0,0;858,347,66,62,61,7,2;0,1,0,1,0,1,0,0,0,1,0,1,0,1;1403;0,0,0,1,0,0,0;0,0,0,0,0,0,0;0,0,0,0,1,0,0
1658315661574;sample_solution;28;m;1;1;6;6;2;1;1021;1;1021;1658315669362;New Hires by Month (Full-Time/Part-Time) (lineChart) - FPDesc: Part-Time selected;NewHiresByMonth(Full-Time/Part-Time).FPDesc<categorical>, Region.Region<categorical>, Year.Year<categorical>;NewHiresByRegion.Region<categorical>;0,0,0,0,0,0,0,0,0,0,0,0,0,0,0,0,0,0,0,0,0,0,0,0;0,0,1,0;31,86,24,89,18,71,51,77,55,70,33,103,37,78,39,70,37,115,24,114,22,110,11,38;0,0,0,0,0,0,0,0,0,0,0,0,0,0,0,0,0,0,0,0,0,0,0,0;117,113,89,128,125,136,115,109,152,138,132,49;88,72,77,110,112,86,127,104,102,151,119,76;0,0,0,0,0,0,0,0,0,0,0,0,0,0;858,347,66,62,61,7,2;0,1,0,1,0,1,0,0,0,1,0,1,0,1;1403;0,0,0,1,0,0,0;0,0,0,0,0,0,0;0,0,0,0,1,0,0
1658315673542;sample_solution;28;m;1;1;6;6;5;3;22;1;22;1658315696978;Root;Year.Year<categorical>;;0,0,0,0,0,0,0,0,0,0,0,0,0,0,0,0,0,0,0,0,0,0,0,0;0,0,0,0;51,349,65,523,71,911,103,983,112,1146,89,1115,88,1233,92,1371,82,1194,139,1747,86,1226,56,550;0,0,0,0,0,0,0,0,0,0,0,0,0,0,0,0,0,0,0,0,0,0,0,0;400,588,982,1086,1258,1204,1321,1463,1276,1886,1312,606;225,268,445,420,531,565,477,908,997,1038,1115,418;0,0,0,0,0,0,0,0,0,0,0,0,0,0;9571,2416,663,430,220,63,19;0,0,0,0,0,0,0,0,0,0,0,0,0,0;2168,1851,2684,1224,2165,2025,1265;0,0,0,0,0,0,0;0,0,0,0,0,0,0;0,0,0,1,0,0,0
1658315677616;sample_solution;28;m;1;1;6;6;5;3;22;1;22;1658315696978;Ethnicity (slicer) - Ethnicity: Group B selected;Ethnicity.Ethnicity<categorical>, Year.Year<categorical>;NewHiresByEthnicity.Ethnicity<categorical>;0,0,0,0,0,0,0,0,0,0,0,0,0,0,0,0,0,0,0,0,0,0,0,0;0,0,0,0;3,50,2,68,8,149,9,180,7,196,12,226,8,241,12,245,6,214,13,398,6,263,8,92;0,0,0,0,0,0,0,0,0,0,0,0,0,0,0,0,0,0,0,0,0,0,0,0;53,70,157,189,203,238,249,257,220,411,269,100;17,37,43,48,80,90,96,132,160,176,208,75;0,1,0,0,0,1,0,1,0,1,0,1,0,1;2416;0,0,0,0,0,0,0,0,0,0,0,0,0,0;229,193,503,246,370,565,310;0,0,0,0,0,0,0;0,1,0,0,0,0,0;0,0,0,1,0,0,0
1658315679093;sample_solution;28;m;1;1;6;6;5;3;22;1;22;1658315696978;Region (slicer) - Region: East selected;Ethnicity.Ethnicity<categorical>, Region.Region<categorical>, Year.Year<categorical>;NewHiresByEthnicity.Ethnicity<categorical>, NewHiresByRegion.Region<categorical>;0,0,0,0,0,0,0,0,0,0,0,0,0,0,0,0,0,0,0,0,0,0,0,0;0,0,0,0;2,15,1,11,8,3,26,2,18,3,19,1,24,4,16,4,17,2,25,3,29,3,10;0,0,0,0,0,0,0,0,0,0,0,0,0,0,0,0,0,0,0,0,0,0,0,0;17,12,8,29,20,22,25,20,21,27,32,13;4,4,3,2,1,8,9,6,11,13,14,8;0,1,0,0,0,1,0,1,0,1,0,1,0,1;246;0,1,0,1,0,1,0,0,0,1,0,1,0,1;246;0,0,0,1,0,0,0;0,1,0,0,0,0,0;0,0,0,1,0,0,0
1658315681308;sample_solution;28;m;1;1;6;6;5;3;22;1;22;1658315696978;Year (slicer) - Year: 2012 selected;Ethnicity.Ethnicity<categorical>, Region.Region<categorical>, Year.Year<categorical>;NewHiresByEthnicity.Ethnicity<categorical>, NewHiresByRegion.Region<categorical>;0,0,0,0,0,0,0,0,0,0,0,0,0,0,0,0,0,0,0,0,0,0,0,0;0,0,0,0;2,2,4,2,1,2,1,1,7,1,8,3,3,3,8,13,14,8;0,0,0,0,0,0,0,0,0,0,0,0,0,0,0,0,0,0,0,0,0,0,0,0;4,4,3,2,1,8,9,6,11,13,14,8;1,1,4,1,3,5,2,4,7;0,1,0,0,0,1,0,1,0,1,0,1,0,1;83;0,1,0,1,0,1,0,0,0,1,0,1,0,1;83;0,0,0,1,0,0,0;0,1,0,0,0,0,0;0,0,1,0,0,0,0
1658315688729;sample_solution;28;m;1;1;6;6;5;3;22;1;22;1658315696978;New Hires and New Hires Same Period Last Year (SPLY) (clusteredColumnChart) - Month: Jan, Feb, Mar, Apr, May, Jun, Jan, Mar, Jun selected;NewHiresAndNewHiresSamePeriodLastYear(SPLY).Month<categorical>, Ethnicity.Ethnicity<categorical>, Region.Region<categorical>, Year.Year<categorical>;NewHiresByMonth(Full-Time/Part-Time).Month<categorical>, NewHiresByEthnicity.Ethnicity<categorical>, NewHiresByRegion.Region<categorical>;0,0,0,0,0,0,0,0,0,0,0,0,0,1,0,1,0,1,0,1,0,1,0,1;0,0,0,0;2,2,4,2,1,2,1,1,7;1,0,1,0,1,0,1,0,1,0,1,0,0,0,0,0,0,0,0,0,0,0,0,0;4,4,3,2,1,8,9,6,11,13,14,8;1,1,4,1,3,5,2,4,7;0,1,0,0,0,1,0,1,0,1,0,1,0,1;83;0,1,0,1,0,1,0,0,0,1,0,1,0,1;83;0,0,0,1,0,0,0;0,1,0,0,0,0,0;0,0,1,0,0,0,0
1658315699953;sample_solution;28;m;1;1;6;6;6;3;768;1;768;1658315730205;Root;Year.Year<categorical>;;0,0,0,0,0,0,0,0,0,0,0,0,0,0,0,0,0,0,0,0,0,0,0,0;0,0,0,0;51,349,65,523,71,911,103,983,112,1146,89,1115,88,1233,92,1371,82,1194,139,1747,86,1226,56,550;0,0,0,0,0,0,0,0,0,0,0,0,0,0,0,0,0,0,0,0,0,0,0,0;400,588,982,1086,1258,1204,1321,1463,1276,1886,1312,606;225,268,445,420,531,565,477,908,997,1038,1115,418;0,0,0,0,0,0,0,0,0,0,0,0,0,0;9571,2416,663,430,220,63,19;0,0,0,0,0,0,0,0,0,0,0,0,0,0;2168,1851,2684,1224,2165,2025,1265;0,0,0,0,0,0,0;0,0,0,0,0,0,0;0,0,0,1,0,0,0
1658315715681;sample_solution;28;m;1;1;6;6;6;3;768;1;768;1658315730205;Region (slicer) - Region: South selected;Region.Region<categorical>, Year.Year<categorical>;NewHiresByRegion.Region<categorical>;0,0,0,0,0,0,0,0,0,0,0,0,0,0,0,0,0,0,0,0,0,0,0,0;0,0,0,0;5,51,5,70,5,104,9,132,6,166,2,194,8,214,8,223,5,171,11,313,8,226,3,86;0,0,0,0,0,0,0,0,0,0,0,0,0,0,0,0,0,0,0,0,0,0,0,0;56,75,109,141,172,196,222,231,176,324,234,89;35,58,77,55,83,88,76,153,225,142,132,66;0,0,0,0,0,0,0,0,0,0,0,0,0,0;1257,565,81,75,36,8,3;0,1,0,1,0,1,0,1,0,1,0,0,0,1;2025;0,0,0,0,0,1,0;0,0,0,0,0,0,0;0,0,0,1,0,0,0
1658315719803;sample_solution;28;m;1;1;6;6;6;3;768;1;768;1658315730205;New Hires by Ethnicity (clusteredBarChart) - Ethnicity: Group B, Group C, Group F, Group D, Group E, Group G selected;NewHiresByEthnicity.Ethnicity<categorical>, Region.Region<categorical>, Year.Year<categorical>;NewHiresByRegion.Region<categorical>;0,0,0,0,0,0,0,0,0,0,0,0,0,0,0,0,0,0,0,0,0,0,0,0;0,0,0,0;1,22,27,2,34,4,48,2,49,1,67,1,78,1,74,2,64,5,139,3,112,1,31;0,0,0,0,0,0,0,0,0,0,0,0,0,0,0,0,0,0,0,0,0,0,0,0;56,75,109,141,172,196,222,231,176,324,234,89;35,58,77,55,83,88,76,153,225,142,132,66;0,0,1,0,1,0,1,0,1,0,1,0,1,0;1257,565,81,75,36,8,3;0,1,0,1,0,1,0,1,0,1,0,0,0,1;2025;0,0,0,0,0,1,0;0,0,0,0,0,0,0;0,0,0,1,0,0,0
1658315732982;sample_solution;28;m;1;1;6;6;4;2;01.07.14;1;01.07.14;1658315808279;Root;Year.Year<categorical>;;0,0,0,0,0,0,0,0,0,0,0,0,0,0,0,0,0,0,0,0,0,0,0,0;0,0,0,0;51,349,65,523,71,911,103,983,112,1146,89,1115,88,1233,92,1371,82,1194,139,1747,86,1226,56,550;0,0,0,0,0,0,0,0,0,0,0,0,0,0,0,0,0,0,0,0,0,0,0,0;400,588,982,1086,1258,1204,1321,1463,1276,1886,1312,606;225,268,445,420,531,565,477,908,997,1038,1115,418;0,0,0,0,0,0,0,0,0,0,0,0,0,0;9571,2416,663,430,220,63,19;0,0,0,0,0,0,0,0,0,0,0,0,0,0;2168,1851,2684,1224,2165,2025,1265;0,0,0,0,0,0,0;0,0,0,0,0,0,0;0,0,0,1,0,0,0
1658315786798;sample_solution;28;m;1;1;6;6;4;2;01.07.14;1;01.07.14;1658315808279;Region (slicer) - Region: Northwest selected;Region.Region<categorical>, Year.Year<categorical>;NewHiresByRegion.Region<categorical>;0,0,0,0,0,0,0,0,0,0,0,0,0,0,0,0,0,0,0,0,0,0,0,0;0,0,0,0;11,67,19,145,21,207,20,196,21,209,22,212,19,178,24,276,18,228,52,364,25,242,14,94;0,0,0,0,0,0,0,0,0,0,0,0,0,0,0,0,0,0,0,0,0,0,0,0;78,164,228,216,230,234,197,300,246,416,267,108;31,34,65,79,86,110,69,138,141,234,290,77;0,0,0,0,0,0,0,0,0,0,0,0,0,0;2003,503,88,45,28,11,6;0,1,0,1,0,0,0,1,0,1,0,1,0,1;2684;0,0,1,0,0,0,0;0,0,0,0,0,0,0;0,0,0,1,0,0,0
1658315788898;sample_solution;28;m;1;1;6;6;4;2;01.07.14;1;01.07.14;1658315808279;Year (slicer) - Year: 2012 selected;Region.Region<categorical>, Year.Year<categorical>;NewHiresByRegion.Region<categorical>;0,0,0,0,0,0,0,0,0,0,0,0,0,0,0,0,0,0,0,0,0,0,0,0;0,0,0,0;11,20,11,23,18,47,27,52,10,76,20,90,14,55,25,113,14,127,32,202,24,266,9,68;0,0,0,0,0,0,0,0,0,0,0,0,0,0,0,0,0,0,0,0,0,0,0,0;31,34,65,79,86,110,69,138,141,234,290,77;13,20,52,53,45,58,34,57,52,53,85,34;0,0,0,0,0,0,0,0,0,0,0,0,0,0;1055,216,34,25,18,3,3;0,1,0,1,0,0,0,1,0,1,0,1,0,1;1354;0,0,1,0,0,0,0;0,0,0,0,0,0,0;0,0,1,0,0,0,0
1658315793359;sample_solution;28;m;1;1;6;6;4;2;01.07.14;1;01.07.14;1658315808279;Year (slicer) - Year: 2014 selected;Region.Region<categorical>, Year.Year<categorical>;NewHiresByRegion.Region<categorical>;0,0,0,0,0,0,0,0,0,0,0,0,0,0,0,0,0,0,0,0,0,0,0,0;0,0,0,0;16,161,23,214,21,146,19,249,19,273,20,326,18,391,19,346,10,360,9,286,6,198,1,39;0,0,0,0,0,0,0,0,0,0,0,0,0,0,0,0,0,0,0,0,0,0,0,0;177,237,167,268,292,346,409,365,370,295,204,40;78,164,228,216,230,234,197,300,246,416,267,108;0,0,0,0,0,0,0,0,0,0,0,0,0,0;2277,595,152,63,61,18,4;0,1,0,1,0,0,0,1,0,1,0,1,0,1;3170;0,0,1,0,0,0,0;0,0,0,0,0,0,0;0,0,0,0,1,0,0
1658315811374;sample_solution;28;m;1;1;6;6;7;4;01.09.14;1;01.09.14;1658315874741;Root;Year.Year<categorical>;;0,0,0,0,0,0,0,0,0,0,0,0,0,0,0,0,0,0,0,0,0,0,0,0;0,0,0,0;51,349,65,523,71,911,103,983,112,1146,89,1115,88,1233,92,1371,82,1194,139,1747,86,1226,56,550;0,0,0,0,0,0,0,0,0,0,0,0,0,0,0,0,0,0,0,0,0,0,0,0;400,588,982,1086,1258,1204,1321,1463,1276,1886,1312,606;225,268,445,420,531,565,477,908,997,1038,1115,418;0,0,0,0,0,0,0,0,0,0,0,0,0,0;9571,2416,663,430,220,63,19;0,0,0,0,0,0,0,0,0,0,0,0,0,0;2168,1851,2684,1224,2165,2025,1265;0,0,0,0,0,0,0;0,0,0,0,0,0,0;0,0,0,1,0,0,0
1658315838743;sample_solution;28;m;1;1;6;6;7;4;01.09.14;1;01.09.14;1658315874741;Year (slicer) - Year: 2010 selected;Year.Year<categorical>;NewHiresAndNewHiresSamePeriodLastYear(SPLY).Month<categorical>, NewHiresByMonth(Full-Time/Part-Time).Month<categorical>, NewHiresByMonth(Full-Time/Part-Time).FPDesc<categorical>, NewHiresByEthnicity.Ethnicity<categorical>, NewHiresByRegion.Region<categorical>;0,1,0,1,0,1,0,1,0,1,0,1,0,1,0,1,0,1,0,1,0,1,0,1;0,1,0,1;0;0,1,0,1,0,1,0,1,0,1,0,1,0,1,0,1,0,1,0,1,0,1,0,1;0;0;0,1,0,1,0,1,0,1,0,1,0,1,0,1;0;0,1,0,1,0,1,0,1,0,1,0,1,0,1;0;0,0,0,0,0,0,0;0,0,0,0,0,0,0;1,0,0,0,0,0,0
1658315840633;sample_solution;28;m;1;1;6;6;7;4;01.09.14;1;01.09.14;1658315874741;Year (slicer) - Year: 2011 selected;Year.Year<categorical>;;0,0,0,0,0,0,0,0,0,0,0,0,0,0,0,0,0,0,0,0,0,0,0,0;0,0,0,0;31,46,40,63,67,145,84,176,97,201,81,251,73,185,97,298,102,281,75,300,98,310,36,121;0,0,0,0,0,0,0,0,0,0,0,0,0,0,0,0,0,0,0,0,0,0,0,0;77,103,212,260,298,332,258,395,383,375,408,157;0;0,0,0,0,0,0,0,0,0,0,0,0,0,0;2634,316,133,86,70,15,4;0,0,0,0,0,0,0,0,0,0,0,0,0,0;603,479,556,281,500,496,343;0,0,0,0,0,0,0;0,0,0,0,0,0,0;0,1,0,0,0,0,0
1658315842969;sample_solution;28;m;1;1;6;6;7;4;01.09.14;1;01.09.14;1658315874741;Year (slicer) - Year: 2012 selected;Year.Year<categorical>;;0,0,0,0,0,0,0,0,0,0,0,0,0,0,0,0,0,0,0,0,0,0,0,0;0,0,0,0;62,163,58,210,93,352,93,327,87,444,87,478,58,419,106,802,98,899,107,931,96,1019,42,376;0,0,0,0,0,0,0,0,0,0,0,0,0,0,0,0,0,0,0,0,0,0,0,0;225,268,445,420,531,565,477,908,997,1038,1115,418;77,103,212,260,298,332,258,395,383,375,408,157;0,0,0,0,0,0,0,0,0,0,0,0,0,0;5508,1162,350,219,135,27,6;0,0,0,0,0,0,0,0,0,0,0,0,0,0;1297,1092,1354,526,1203,1190,745;0,0,0,0,0,0,0;0,0,0,0,0,0,0;0,0,1,0,0,0,0
1658315844740;sample_solution;28;m;1;1;6;6;7;4;01.09.14;1;01.09.14;1658315874741;Year (slicer) - Year: 2013 selected;Year.Year<categorical>;;0,0,0,0,0,0,0,0,0,0,0,0,0,0,0,0,0,0,0,0,0,0,0,0;0,0,0,0;51,349,65,523,71,911,103,983,112,1146,89,1115,88,1233,92,1371,82,1194,139,1747,86,1226,56,550;0,0,0,0,0,0,0,0,0,0,0,0,0,0,0,0,0,0,0,0,0,0,0,0;400,588,982,1086,1258,1204,1321,1463,1276,1886,1312,606;225,268,445,420,531,565,477,908,997,1038,1115,418;0,0,0,0,0,0,0,0,0,0,0,0,0,0;9571,2416,663,430,220,63,19;0,0,0,0,0,0,0,0,0,0,0,0,0,0;2168,1851,2684,1224,2165,2025,1265;0,0,0,0,0,0,0;0,0,0,0,0,0,0;0,0,0,1,0,0,0
1658315853938;sample_solution;28;m;1;1;6;6;7;4;01.09.14;1;01.09.14;1658315874741;Year (slicer) - Year: 2014 selected;Year.Year<categorical>;;0,0,0,0,0,0,0,0,0,0,0,0,0,0,0,0,0,0,0,0,0,0,0,0;0,0,0,0;73,701,77,1037,87,1159,124,1351,139,1847,100,2086,92,1869,91,2098,84,2128,75,2028,50,1411,17,349;0,0,0,0,0,0,0,0,0,0,0,0,0,0,0,0,0,0,0,0,0,0,0,0;400,588,982,1086,1258,1204,1321,1463,1276,1886,1312,606;225,268,445,420,531,565,477,908,997,1038,1115,418;0,0,0,0,0,0,0,0,0,0,0,0,0,0;9571,2416,663,430,220,63,19;0,0,0,0,0,0,0,0,0,0,0,0,0,0;2168,1851,2684,1224,2165,2025,1265;0,0,0,0,0,0,0;0,0,0,0,0,0,0;0,0,0,0,1,0,0
1658315861614;sample_solution;28;m;1;1;6;6;7;4;01.09.14;1;01.09.14;1658315874741;Year (slicer) - Year: 2015 selected;Year.Year<categorical>;NewHiresByMonth(Full-Time/Part-Time).Month<categorical>, NewHiresByMonth(Full-Time/Part-Time).FPDesc<categorical>;0,1,0,1,0,1,0,1,0,1,0,1,0,1,0,1,0,1,0,1,0,1,0,1;0,1,0,1;0;0,0,0,0,0,0,0,0,0,0,0,0,0,0,0,0,0,0,0,0,0,0,0,0;774,1114,1246,1475,1986,2186,1961,2189,2212,2103,1461,366;400,588,982,1086,1258,1204,1321,1463,1276,1886,1312,606;0,0,0,0,0,0,0,0,0,0,0,0,0,0;12600,4342,853,781,365,108,24;0,0,0,0,0,0,0,0,0,0,0,0,0,0;3238,2806,3170,1403,3227,3392,1837;0,0,0,0,0,0,0;0,0,0,0,0,0,0;0,0,0,0,0,1,0
1658315863438;sample_solution;28;m;1;1;6;6;7;4;01.09.14;1;01.09.14;1658315874741;Year (slicer) - Year: 2014 selected;Year.Year<categorical>;;0,0,0,0,0,0,0,0,0,0,0,0,0,0,0,0,0,0,0,0,0,0,0,0;0,0,0,0;73,701,77,1037,87,1159,124,1351,139,1847,100,2086,92,1869,91,2098,84,2128,75,2028,50,1411,17,349;0,0,0,0,0,0,0,0,0,0,0,0,0,0,0,0,0,0,0,0,0,0,0,0;774,1114,1246,1475,1986,2186,1961,2189,2212,2103,1461,366;400,588,982,1086,1258,1204,1321,1463,1276,1886,1312,606;0,0,0,0,0,0,0,0,0,0,0,0,0,0;12600,4342,853,781,365,108,24;0,0,0,0,0,0,0,0,0,0,0,0,0,0;3238,2806,3170,1403,3227,3392,1837;0,0,0,0,0,0,0;0,0,0,0,0,0,0;0,0,0,0,1,0,0
1658315877553;sample_solution;28;m;1;1;6;6;8;4;South;1;South;1658315916706;Root;Year.Year<categorical>;;0,0,0,0,0,0,0,0,0,0,0,0,0,0,0,0,0,0,0,0,0,0,0,0;0,0,0,0;51,349,65,523,71,911,103,983,112,1146,89,1115,88,1233,92,1371,82,1194,139,1747,86,1226,56,550;0,0,0,0,0,0,0,0,0,0,0,0,0,0,0,0,0,0,0,0,0,0,0,0;400,588,982,1086,1258,1204,1321,1463,1276,1886,1312,606;225,268,445,420,531,565,477,908,997,1038,1115,418;0,0,0,0,0,0,0,0,0,0,0,0,0,0;9571,2416,663,430,220,63,19;0,0,0,0,0,0,0,0,0,0,0,0,0,0;2168,1851,2684,1224,2165,2025,1265;0,0,0,0,0,0,0;0,0,0,0,0,0,0;0,0,0,1,0,0,0
1658315887134;sample_solution;28;m;1;1;6;6;8;4;South;1;South;1658315916706;Year (slicer) - Year: 2012 selected;Year.Year<categorical>;;0,0,0,0,0,0,0,0,0,0,0,0,0,0,0,0,0,0,0,0,0,0,0,0;0,0,0,0;62,163,58,210,93,352,93,327,87,444,87,478,58,419,106,802,98,899,107,931,96,1019,42,376;0,0,0,0,0,0,0,0,0,0,0,0,0,0,0,0,0,0,0,0,0,0,0,0;225,268,445,420,531,565,477,908,997,1038,1115,418;77,103,212,260,298,332,258,395,383,375,408,157;0,0,0,0,0,0,0,0,0,0,0,0,0,0;5508,1162,350,219,135,27,6;0,0,0,0,0,0,0,0,0,0,0,0,0,0;1297,1092,1354,526,1203,1190,745;0,0,0,0,0,0,0;0,0,0,0,0,0,0;0,0,1,0,0,0,0
1658315890487;sample_solution;28;m;1;1;6;6;8;4;South;1;South;1658315916706;Region (slicer) - Region: North selected;Region.Region<categorical>, Year.Year<categorical>;NewHiresByRegion.Region<categorical>;0,0,0,0,0,0,0,0,0,0,0,0,0,0,0,0,0,0,0,0,0,0,0,0;0,0,0,0;6,34,2,31,23,79,19,77,10,93,16,103,5,63,17,161,14,161,10,148,14,145,8,58;0,0,0,0,0,0,0,0,0,0,0,0,0,0,0,0,0,0,0,0,0,0,0,0;40,33,102,96,103,119,68,178,175,158,159,66;16,15,42,43,49,69,54,81,76,70,68,20;0,0,0,0,0,0,0,0,0,0,0,0,0,0;1038,138,53,38,20,9,1;0,0,0,1,0,1,0,1,0,1,0,1,0,1;1297;1,0,0,0,0,0,0;0,0,0,0,0,0,0;0,0,1,0,0,0,0
1658315897884;sample_solution;28;m;1;1;6;6;8;4;South;1;South;1658315916706;Region (slicer) - Region: Midwest selected;Region.Region<categorical>, Year.Year<categorical>;NewHiresByEthnicity.Ethnicity<categorical>, NewHiresByRegion.Region<categorical>;0,0,0,0,0,0,0,0,0,0,0,0,0,0,0,0,0,0,0,0,0,0,0,0;0,0,0,0;4,35,6,49,7,62,5,51,12,74,8,71,5,65,10,133,9,139,9,162,9,106,4,57;0,0,0,0,0,0,0,0,0,0,0,0,0,0,0,0,0,0,0,0,0,0,0,0;39,55,69,56,86,79,70,143,148,171,115,61;9,14,27,35,41,35,33,61,68,72,64,20;0,0,0,0,0,0,0,0,0,0,0,0,0,1;897,102,48,24,19,2;0,1,0,0,0,1,0,1,0,1,0,1,0,1;1092;0,1,0,0,0,0,0;0,0,0,0,0,0,0;0,0,1,0,0,0,0
1658315900399;sample_solution;28;m;1;1;6;6;8;4;South;1;South;1658315916706;Region (slicer) - Region: Northwest selected;Region.Region<categorical>, Year.Year<categorical>;NewHiresByEthnicity.Ethnicity<categorical>, NewHiresByRegion.Region<categorical>;0,0,0,0,0,0,0,0,0,0,0,0,0,0,0,0,0,0,0,0,0,0,0,0;0,0,0,0;11,20,11,23,18,47,27,52,10,76,20,90,14,55,25,113,14,127,32,202,24,266,9,68;0,0,0,0,0,0,0,0,0,0,0,0,0,0,0,0,0,0,0,0,0,0,0,0;39,55,69,56,86,79,70,143,148,171,115,61;9,14,27,35,41,35,33,61,68,72,64,20;0,0,0,0,0,0,0,0,0,0,0,0,0,1;897,102,48,24,19,2;0,1,0,0,0,1,0,1,0,1,0,1,0,1;1092;0,0,1,0,0,0,0;0,0,0,0,0,0,0;0,0,1,0,0,0,0
1658315902159;sample_solution;28;m;1;1;6;6;8;4;South;1;South;1658315916706;Region (slicer) - Region: East selected;Region.Region<categorical>, Year.Year<categorical>;NewHiresByEthnicity.Ethnicity<categorical>, NewHiresByRegion.Region<categorical>;0,0,0,0,0,0,0,0,0,0,0,0,0,0,0,0,0,0,0,0,0,0,0,0;0,0,0,0;15,17,20,10,15,4,15,12,22,17,21,28,10,29,21,26,23,30,26,51,17,49,8,40;0,0,0,0,0,0,0,0,0,0,0,0,0,0,0,0,0,0,0,0,0,0,0,0;32,30,19,27,39,49,39,47,53,77,66,48;11,11,16,17,16,30,22,28,35,35,42,18;0,0,0,0,0,0,0,0,0,0,0,1,0,1;374,83,31,23,15;0,1,0,1,0,1,0,0,0,1,0,1,0,1;526;0,0,0,1,0,0,0;0,0,0,0,0,0,0;0,0,1,0,0,0,0
1658315904448;sample_solution;28;m;1;1;6;6;8;4;South;1;South;1658315916706;Region (slicer) - Region: Central selected;Region.Region<categorical>, Year.Year<categorical>;NewHiresByEthnicity.Ethnicity<categorical>, NewHiresByRegion.Region<categorical>;0,0,0,0,0,0,0,0,0,0,0,0,0,0,0,0,0,0,0,0,0,0,0,0;0,0,0,0;13,17,9,26,13,57,15,63,17,72,9,59,6,60,13,127,14,115,17,184,13,222,5,57;0,0,0,0,0,0,0,0,0,0,0,0,0,0,0,0,0,0,0,0,0,0,0,0;30,35,70,78,89,68,66,140,129,201,235,62;10,15,26,41,46,41,32,75,62,65,65,22;0,0,0,0,0,0,0,0,0,0,0,0,0,1;914,187,71,15,11,5;0,1,0,1,0,1,0,1,0,0,0,1,0,1;1203;0,0,0,0,1,0,0;0,0,0,0,0,0,0;0,0,1,0,0,0,0
1658315906745;sample_solution;28;m;1;1;6;6;8;4;South;1;South;1658315916706;Region (slicer) - Region: South selected;Region.Region<categorical>, Year.Year<categorical>;NewHiresByRegion.Region<categorical>;0,0,0,0,0,0,0,0,0,0,0,0,0,0,0,0,0,0,0,0,0,0,0,0;0,0,0,0;8,27,6,52,11,66,8,47,9,74,8,80,8,68,8,145,14,211,10,132,12,120,8,58;0,0,0,0,0,0,0,0,0,0,0,0,0,0,0,0,0,0,0,0,0,0,0,0;35,58,77,55,83,88,76,153,225,142,132,66;9,14,32,56,56,57,52,45,41,51,59,24;0,0,0,0,0,0,0,0,0,0,0,0,0,0;770,297,55,44,19,4,1;0,1,0,1,0,1,0,1,0,1,0,0,0,1;1190;0,0,0,0,0,1,0;0,0,0,0,0,0,0;0,0,1,0,0,0,0
1658315909639;sample_solution;28;m;1;1;6;6;8;4;South;1;South;1658315916706;Region (slicer) - Region: West selected;Region.Region<categorical>, Year.Year<categorical>;NewHiresByRegion.Region<categorical>;0,0,0,0,0,0,0,0,0,0,0,0,0,0,0,0,0,0,0,0,0,0,0,0;0,0,0,0;5,13,4,19,6,37,4,25,7,38,5,47,10,79,12,97,10,116,3,52,7,111,38;0,0,0,0,0,0,0,0,0,0,0,0,0,0,0,0,0,0,0,0,0,0,0,0;18,23,43,29,45,52,89,109,126,55,118,38;9,14,17,15,45,42,31,48,49,29,25,19;0,0,0,0,0,0,0,0,0,0,0,0,0,0;460,139,67,49,25,4,1;0,1,0,1,0,1,0,1,0,1,0,1,0,0;745;0,0,0,0,0,0,1;0,0,0,0,0,0,0;0,0,1,0,0,0,0
1658315911334;sample_solution;28;m;1;1;6;6;8;4;South;1;South;1658315916706;Region (slicer) - Region: South selected;Region.Region<categorical>, Year.Year<categorical>;NewHiresByRegion.Region<categorical>;0,0,0,0,0,0,0,0,0,0,0,0,0,0,0,0,0,0,0,0,0,0,0,0;0,0,0,0;8,27,6,52,11,66,8,47,9,74,8,80,8,68,8,145,14,211,10,132,12,120,8,58;0,0,0,0,0,0,0,0,0,0,0,0,0,0,0,0,0,0,0,0,0,0,0,0;35,58,77,55,83,88,76,153,225,142,132,66;9,14,32,56,56,57,52,45,41,51,59,24;0,0,0,0,0,0,0,0,0,0,0,0,0,0;770,297,55,44,19,4,1;0,1,0,1,0,1,0,1,0,1,0,0,0,1;1190;0,0,0,0,0,1,0;0,0,0,0,0,0,0;0,0,1,0,0,0,0
